LocalTime, GPSTime, ESSID, BSSID, Power, Security, Latitude, Longitude, Latitude Error, Longitude Error, Type
2024-11-27 21:03:43,1900-01-00 00:00:00,,40:ED:00:17:E0:D8,-44, ,0.000000,0.000000,0.000,0.000,AP
2024-11-27 21:03:43,1900-01-00 00:00:00,Struhar 2.4GHz,40:ED:00:17:E0:D8,-44, WPA2 ,0.000000,0.000000,0.000,0.000,AP
2024-11-27 21:03:43,1900-01-00 00:00:00,Struhar 2.4GHz,40:ED:00:17:E0:D8,-44, WPA2 ,0.000000,0.000000,0.000,0.000,AP
2024-11-27 21:03:43,1900-01-00 00:00:00,Struhar 2.4GHz,40:ED:00:17:E0:D8,-44, WPA2 ,0.000000,0.000000,0.000,0.000,AP
2024-11-27 21:03:43,1900-01-00 00:00:00,Struhar 2.4GHz,40:ED:00:17:E0:D8,-45, WPA2 ,0.000000,0.000000,0.000,0.000,AP
2024-11-27 21:03:43,1900-01-00 00:00:00,Struhar 2.4GHz,40:ED:00:17:E0:D8,-45, WPA2 ,0.000000,0.000000,0.000,0.000,AP
2024-11-27 21:03:43,1900-01-00 00:00:00,Struhar 2.4GHz,40:ED:00:17:E0:D8,-45, WPA2 ,0.000000,0.000000,0.000,0.000,AP
2024-11-27 21:03:43,1900-01-00 00:00:00,Struhar 2.4GHz,40:ED:00:17:E0:D8,-44, WPA2 ,0.000000,0.000000,0.000,0.000,AP
2024-11-27 21:03:44,1900-01-00 00:00:00,Struhar 2.4GHz,40:ED:00:17:E0:D8,-44, WPA2 ,0.000000,0.000000,0.000,0.000,AP
2024-11-27 21:03:44,1900-01-00 00:00:00,Struhar 2.4GHz,40:ED:00:17:E0:D8,-45, WPA2 ,0.000000,0.000000,0.000,0.000,AP
2024-11-27 21:03:44,1900-01-00 00:00:00,Struhar 2.4GHz,40:ED:00:17:E0:D8,-44, WPA2 ,0.000000,0.000000,0.000,0.000,AP
2024-11-27 21:03:44,1900-01-00 00:00:00,Struhar 2.4GHz,40:ED:00:17:E0:D8,-45, WPA2 ,0.000000,0.000000,0.000,0.000,AP
2024-11-27 21:03:44,1900-01-00 00:00:00,Struhar 2.4GHz,40:ED:00:17:E0:D8,-44, WPA2 ,0.000000,0.000000,0.000,0.000,AP
2024-11-27 21:03:44,1900-01-00 00:00:00,Struhar 2.4GHz,40:ED:00:17:E0:D8,-45, WPA2 ,0.000000,0.000000,0.000,0.000,AP
2024-11-27 21:03:44,1900-01-00 00:00:00,Struhar 2.4GHz,40:ED:00:17:E0:D8,-45, WPA2 ,0.000000,0.000000,0.000,0.000,AP
2024-11-27 21:03:44,1900-01-00 00:00:00,Struhar 2.4GHz,40:ED:00:17:E0:D8,-45, WPA2 ,0.000000,0.000000,0.000,0.000,AP
2024-11-27 21:03:44,1900-01-00 00:00:00,Struhar 2.4GHz,40:ED:00:17:E0:D8,-45, WPA2 ,0.000000,0.000000,0.000,0.000,AP
2024-11-27 21:03:44,1900-01-00 00:00:00,Struhar 2.4GHz,40:ED:00:17:E0:D8,-44, WPA2 ,0.000000,0.000000,0.000,0.000,AP
2024-11-27 21:03:45,1900-01-00 00:00:00,Struhar 2.4GHz,40:ED:00:17:E0:D8,-44, WPA2 ,0.000000,0.000000,0.000,0.000,AP
2024-11-27 21:03:45,1900-01-00 00:00:00,Struhar 2.4GHz,40:ED:00:17:E0:D8,-44, WPA2 ,0.000000,0.000000,0.000,0.000,AP
2024-11-27 21:03:45,1900-01-00 00:00:00,Struhar 2.4GHz,40:ED:00:17:E0:D8,-45, WPA2 ,0.000000,0.000000,0.000,0.000,AP
2024-11-27 21:03:45,1900-01-00 00:00:00,Struhar 2.4GHz,40:ED:00:17:E0:D8,-45, WPA2 ,0.000000,0.000000,0.000,0.000,AP
2024-11-27 21:03:45,1900-01-00 00:00:00,Struhar 2.4GHz,40:ED:00:17:E0:D8,-45, WPA2 ,0.000000,0.000000,0.000,0.000,AP
2024-11-27 21:03:45,1900-01-00 00:00:00,,02:26:02:03:25:E0,-45,,0.000000,0.000000,0.000,0.000,Client
2024-11-27 21:03:45,1900-01-00 00:00:00,Struhar 2.4GHz,40:ED:00:17:E0:D8,-45, WPA2 ,0.000000,0.000000,0.000,0.000,AP
2024-11-27 21:03:45,1900-01-00 00:00:00,,02:26:02:03:25:E0,-45,,0.000000,0.000000,0.000,0.000,Client
2024-11-27 21:03:45,1900-01-00 00:00:00,Struhar 2.4GHz,40:ED:00:17:E0:D8,-45, WPA2 ,0.000000,0.000000,0.000,0.000,AP
2024-11-27 21:03:45,1900-01-00 00:00:00,,02:26:02:03:25:E0,-45,,0.000000,0.000000,0.000,0.000,Client
2024-11-27 21:03:45,1900-01-00 00:00:00,Struhar 2.4GHz,40:ED:00:17:E0:D8,-45, WPA2 ,0.000000,0.000000,0.000,0.000,AP
2024-11-27 21:03:45,1900-01-00 00:00:00,,02:26:02:03:25:E0,-45,,0.000000,0.000000,0.000,0.000,Client
2024-11-27 21:03:45,1900-01-00 00:00:00,Struhar 2.4GHz,40:ED:00:17:E0:D8,-44, WPA2 ,0.000000,0.000000,0.000,0.000,AP
2024-11-27 21:03:45,1900-01-00 00:00:00,Struhar 2.4GHz,40:ED:00:17:E0:D8,-44, WPA2 ,0.000000,0.000000,0.000,0.000,AP
2024-11-27 21:03:45,1900-01-00 00:00:00,,02:26:02:03:25:E0,-44,,0.000000,0.000000,0.000,0.000,Client
2024-11-27 21:03:45,1900-01-00 00:00:00,Struhar 2.4GHz,40:ED:00:17:E0:D8,-44, WPA2 ,0.000000,0.000000,0.000,0.000,AP
2024-11-27 21:03:45,1900-01-00 00:00:00,,02:26:02:03:25:E0,-44,,0.000000,0.000000,0.000,0.000,Client
2024-11-27 21:03:45,1900-01-00 00:00:00,Struhar 2.4GHz,40:ED:00:17:E0:D8,-44, WPA2 ,0.000000,0.000000,0.000,0.000,AP
2024-11-27 21:03:45,1900-01-00 00:00:00,,02:26:02:03:25:E0,-44,,0.000000,0.000000,0.000,0.000,Client
2024-11-27 21:03:45,1900-01-00 00:00:00,Struhar 2.4GHz,40:ED:00:17:E0:D8,-44, WPA2 ,0.000000,0.000000,0.000,0.000,AP
2024-11-27 21:03:45,1900-01-00 00:00:00,,02:26:02:03:25:E0,-44,,0.000000,0.000000,0.000,0.000,Client
2024-11-27 21:03:45,1900-01-00 00:00:00,Struhar 2.4GHz,40:ED:00:17:E0:D8,-44, WPA2 ,0.000000,0.000000,0.000,0.000,AP
2024-11-27 21:03:45,1900-01-00 00:00:00,,02:26:02:03:25:E0,-44,,0.000000,0.000000,0.000,0.000,Client
2024-11-27 21:03:45,1900-01-00 00:00:00,Struhar 2.4GHz,40:ED:00:17:E0:D8,-44, WPA2 ,0.000000,0.000000,0.000,0.000,AP
2024-11-27 21:03:45,1900-01-00 00:00:00,,02:26:02:03:25:E0,-45,,0.000000,0.000000,0.000,0.000,Client
2024-11-27 21:03:45,1900-01-00 00:00:00,Struhar 2.4GHz,40:ED:00:17:E0:D8,-45, WPA2 ,0.000000,0.000000,0.000,0.000,AP
2024-11-27 21:03:45,1900-01-00 00:00:00,,02:26:02:03:25:E0,-45,,0.000000,0.000000,0.000,0.000,Client
2024-11-27 21:03:45,1900-01-00 00:00:00,Struhar 2.4GHz,40:ED:00:17:E0:D8,-45, WPA2 ,0.000000,0.000000,0.000,0.000,AP
2024-11-27 21:03:45,1900-01-00 00:00:00,,02:26:02:03:25:E0,-45,,0.000000,0.000000,0.000,0.000,Client
2024-11-27 21:03:45,1900-01-00 00:00:00,Struhar 2.4GHz,40:ED:00:17:E0:D8,-45, WPA2 ,0.000000,0.000000,0.000,0.000,AP
2024-11-27 21:03:45,1900-01-00 00:00:00,,02:26:02:03:25:E0,-45,,0.000000,0.000000,0.000,0.000,Client
2024-11-27 21:03:45,1900-01-00 00:00:00,Struhar 2.4GHz,40:ED:00:17:E0:D8,-45, WPA2 ,0.000000,0.000000,0.000,0.000,AP
2024-11-27 21:03:45,1900-01-00 00:00:00,,02:26:02:03:25:E0,-45,,0.000000,0.000000,0.000,0.000,Client
2024-11-27 21:03:45,1900-01-00 00:00:00,Struhar 2.4GHz,40:ED:00:17:E0:D8,-45, WPA2 ,0.000000,0.000000,0.000,0.000,AP
2024-11-27 21:03:45,1900-01-00 00:00:00,,02:26:02:03:25:E0,-45,,0.000000,0.000000,0.000,0.000,Client
2024-11-27 21:03:45,1900-01-00 00:00:00,Struhar 2.4GHz,40:ED:00:17:E0:D8,-45, WPA2 ,0.000000,0.000000,0.000,0.000,AP
2024-11-27 21:03:45,1900-01-00 00:00:00,,02:26:02:03:25:E0,-45,,0.000000,0.000000,0.000,0.000,Client
2024-11-27 21:03:45,1900-01-00 00:00:00,Struhar 2.4GHz,40:ED:00:17:E0:D8,-45, WPA2 ,0.000000,0.000000,0.000,0.000,AP
2024-11-27 21:03:45,1900-01-00 00:00:00,,02:26:02:03:25:E0,-45,,0.000000,0.000000,0.000,0.000,Client
2024-11-27 21:03:45,1900-01-00 00:00:00,Struhar 2.4GHz,40:ED:00:17:E0:D8,-45, WPA2 ,0.000000,0.000000,0.000,0.000,AP
2024-11-27 21:03:45,1900-01-00 00:00:00,,02:26:02:03:25:E0,-45,,0.000000,0.000000,0.000,0.000,Client
2024-11-27 21:03:45,1900-01-00 00:00:00,Struhar 2.4GHz,40:ED:00:17:E0:D8,-45, WPA2 ,0.000000,0.000000,0.000,0.000,AP
2024-11-27 21:03:45,1900-01-00 00:00:00,,02:26:02:03:25:E0,-44,,0.000000,0.000000,0.000,0.000,Client
2024-11-27 21:03:45,1900-01-00 00:00:00,Struhar 2.4GHz,40:ED:00:17:E0:D8,-44, WPA2 ,0.000000,0.000000,0.000,0.000,AP
2024-11-27 21:03:45,1900-01-00 00:00:00,,02:26:02:03:25:E0,-44,,0.000000,0.000000,0.000,0.000,Client
2024-11-27 21:03:45,1900-01-00 00:00:00,Struhar 2.4GHz,40:ED:00:17:E0:D8,-44, WPA2 ,0.000000,0.000000,0.000,0.000,AP
2024-11-27 21:03:45,1900-01-00 00:00:00,,02:26:02:03:25:E0,-44,,0.000000,0.000000,0.000,0.000,Client
2024-11-27 21:03:45,1900-01-00 00:00:00,Struhar 2.4GHz,40:ED:00:17:E0:D8,-44, WPA2 ,0.000000,0.000000,0.000,0.000,AP
2024-11-27 21:03:45,1900-01-00 00:00:00,Struhar 2.4GHz,40:ED:00:17:E0:D8,-44, WPA2 ,0.000000,0.000000,0.000,0.000,AP
2024-11-27 21:03:45,1900-01-00 00:00:00,,02:26:02:03:25:E0,-44,,0.000000,0.000000,0.000,0.000,Client
2024-11-27 21:03:45,1900-01-00 00:00:00,Struhar 2.4GHz,40:ED:00:17:E0:D8,-44, WPA2 ,0.000000,0.000000,0.000,0.000,AP
2024-11-27 21:03:45,1900-01-00 00:00:00,,02:26:02:03:25:E0,-44,,0.000000,0.000000,0.000,0.000,Client
2024-11-27 21:03:45,1900-01-00 00:00:00,Struhar 2.4GHz,40:ED:00:17:E0:D8,-44, WPA2 ,0.000000,0.000000,0.000,0.000,AP
2024-11-27 21:03:45,1900-01-00 00:00:00,,02:26:02:03:25:E0,-44,,0.000000,0.000000,0.000,0.000,Client
2024-11-27 21:03:45,1900-01-00 00:00:00,Struhar 2.4GHz,40:ED:00:17:E0:D8,-44, WPA2 ,0.000000,0.000000,0.000,0.000,AP
2024-11-27 21:03:45,1900-01-00 00:00:00,,02:26:02:03:25:E0,-44,,0.000000,0.000000,0.000,0.000,Client
2024-11-27 21:03:45,1900-01-00 00:00:00,Struhar 2.4GHz,40:ED:00:17:E0:D8,-44, WPA2 ,0.000000,0.000000,0.000,0.000,AP
2024-11-27 21:03:45,1900-01-00 00:00:00,,02:26:02:03:25:E0,-44,,0.000000,0.000000,0.000,0.000,Client
2024-11-27 21:03:45,1900-01-00 00:00:00,Struhar 2.4GHz,40:ED:00:17:E0:D8,-44, WPA2 ,0.000000,0.000000,0.000,0.000,AP
2024-11-27 21:03:45,1900-01-00 00:00:00,,02:26:02:03:25:E0,-44,,0.000000,0.000000,0.000,0.000,Client
2024-11-27 21:03:45,1900-01-00 00:00:00,Struhar 2.4GHz,40:ED:00:17:E0:D8,-44, WPA2 ,0.000000,0.000000,0.000,0.000,AP
2024-11-27 21:03:45,1900-01-00 00:00:00,,02:26:02:03:25:E0,-44,,0.000000,0.000000,0.000,0.000,Client
2024-11-27 21:03:45,1900-01-00 00:00:00,Struhar 2.4GHz,40:ED:00:17:E0:D8,-44, WPA2 ,0.000000,0.000000,0.000,0.000,AP
2024-11-27 21:03:45,1900-01-00 00:00:00,,02:26:02:03:25:E0,-44,,0.000000,0.000000,0.000,0.000,Client
2024-11-27 21:03:45,1900-01-00 00:00:00,Struhar 2.4GHz,40:ED:00:17:E0:D8,-44, WPA2 ,0.000000,0.000000,0.000,0.000,AP
2024-11-27 21:03:45,1900-01-00 00:00:00,,02:26:02:03:25:E0,-44,,0.000000,0.000000,0.000,0.000,Client
2024-11-27 21:03:45,1900-01-00 00:00:00,Struhar 2.4GHz,40:ED:00:17:E0:D8,-44, WPA2 ,0.000000,0.000000,0.000,0.000,AP
2024-11-27 21:03:45,1900-01-00 00:00:00,,02:26:02:03:25:E0,-44,,0.000000,0.000000,0.000,0.000,Client
2024-11-27 21:03:45,1900-01-00 00:00:00,Struhar 2.4GHz,40:ED:00:17:E0:D8,-44, WPA2 ,0.000000,0.000000,0.000,0.000,AP
2024-11-27 21:03:45,1900-01-00 00:00:00,,02:26:02:03:25:E0,-44,,0.000000,0.000000,0.000,0.000,Client
2024-11-27 21:03:45,1900-01-00 00:00:00,Struhar 2.4GHz,40:ED:00:17:E0:D8,-44, WPA2 ,0.000000,0.000000,0.000,0.000,AP
2024-11-27 21:03:45,1900-01-00 00:00:00,,02:26:02:03:25:E0,-44,,0.000000,0.000000,0.000,0.000,Client
2024-11-27 21:03:45,1900-01-00 00:00:00,Struhar 2.4GHz,40:ED:00:17:E0:D8,-44, WPA2 ,0.000000,0.000000,0.000,0.000,AP
2024-11-27 21:03:45,1900-01-00 00:00:00,,02:26:02:03:25:E0,-44,,0.000000,0.000000,0.000,0.000,Client
2024-11-27 21:03:45,1900-01-00 00:00:00,Struhar 2.4GHz,40:ED:00:17:E0:D8,-44, WPA2 ,0.000000,0.000000,0.000,0.000,AP
2024-11-27 21:03:45,1900-01-00 00:00:00,,02:26:02:03:25:E0,-44,,0.000000,0.000000,0.000,0.000,Client
2024-11-27 21:03:45,1900-01-00 00:00:00,Struhar 2.4GHz,40:ED:00:17:E0:D8,-44, WPA2 ,0.000000,0.000000,0.000,0.000,AP
2024-11-27 21:03:45,1900-01-00 00:00:00,,02:26:02:03:25:E0,-44,,0.000000,0.000000,0.000,0.000,Client
2024-11-27 21:03:45,1900-01-00 00:00:00,Struhar 2.4GHz,40:ED:00:17:E0:D8,-44, WPA2 ,0.000000,0.000000,0.000,0.000,AP
2024-11-27 21:03:45,1900-01-00 00:00:00,,02:26:02:03:25:E0,-44,,0.000000,0.000000,0.000,0.000,Client
2024-11-27 21:03:45,1900-01-00 00:00:00,Struhar 2.4GHz,40:ED:00:17:E0:D8,-44, WPA2 ,0.000000,0.000000,0.000,0.000,AP
2024-11-27 21:03:45,1900-01-00 00:00:00,,02:26:02:03:25:E0,-44,,0.000000,0.000000,0.000,0.000,Client
2024-11-27 21:03:45,1900-01-00 00:00:00,Struhar 2.4GHz,40:ED:00:17:E0:D8,-44, WPA2 ,0.000000,0.000000,0.000,0.000,AP
2024-11-27 21:03:45,1900-01-00 00:00:00,Struhar 2.4GHz,40:ED:00:17:E0:D8,-44, WPA2 ,0.000000,0.000000,0.000,0.000,AP
2024-11-27 21:03:45,1900-01-00 00:00:00,,02:26:02:03:25:E0,-45,,0.000000,0.000000,0.000,0.000,Client
2024-11-27 21:03:45,1900-01-00 00:00:00,Struhar 2.4GHz,40:ED:00:17:E0:D8,-45, WPA2 ,0.000000,0.000000,0.000,0.000,AP
2024-11-27 21:03:45,1900-01-00 00:00:00,,02:26:02:03:25:E0,-45,,0.000000,0.000000,0.000,0.000,Client
2024-11-27 21:03:45,1900-01-00 00:00:00,Struhar 2.4GHz,40:ED:00:17:E0:D8,-45, WPA2 ,0.000000,0.000000,0.000,0.000,AP
2024-11-27 21:03:45,1900-01-00 00:00:00,,02:26:02:03:25:E0,-45,,0.000000,0.000000,0.000,0.000,Client
2024-11-27 21:03:45,1900-01-00 00:00:00,Struhar 2.4GHz,40:ED:00:17:E0:D8,-45, WPA2 ,0.000000,0.000000,0.000,0.000,AP
2024-11-27 21:03:45,1900-01-00 00:00:00,,02:26:02:03:25:E0,-45,,0.000000,0.000000,0.000,0.000,Client
2024-11-27 21:03:45,1900-01-00 00:00:00,Struhar 2.4GHz,40:ED:00:17:E0:D8,-45, WPA2 ,0.000000,0.000000,0.000,0.000,AP
2024-11-27 21:03:45,1900-01-00 00:00:00,,02:26:02:03:25:E0,-45,,0.000000,0.000000,0.000,0.000,Client
2024-11-27 21:03:45,1900-01-00 00:00:00,Struhar 2.4GHz,40:ED:00:17:E0:D8,-45, WPA2 ,0.000000,0.000000,0.000,0.000,AP
2024-11-27 21:03:45,1900-01-00 00:00:00,,02:26:02:03:25:E0,-45,,0.000000,0.000000,0.000,0.000,Client
2024-11-27 21:03:45,1900-01-00 00:00:00,Struhar 2.4GHz,40:ED:00:17:E0:D8,-45, WPA2 ,0.000000,0.000000,0.000,0.000,AP
2024-11-27 21:03:45,1900-01-00 00:00:00,,02:26:02:03:25:E0,-45,,0.000000,0.000000,0.000,0.000,Client
2024-11-27 21:03:45,1900-01-00 00:00:00,Struhar 2.4GHz,40:ED:00:17:E0:D8,-45, WPA2 ,0.000000,0.000000,0.000,0.000,AP
2024-11-27 21:03:45,1900-01-00 00:00:00,,02:26:02:03:25:E0,-45,,0.000000,0.000000,0.000,0.000,Client
2024-11-27 21:03:45,1900-01-00 00:00:00,Struhar 2.4GHz,40:ED:00:17:E0:D8,-45, WPA2 ,0.000000,0.000000,0.000,0.000,AP
2024-11-27 21:03:45,1900-01-00 00:00:00,,02:26:02:03:25:E0,-45,,0.000000,0.000000,0.000,0.000,Client
2024-11-27 21:03:45,1900-01-00 00:00:00,Struhar 2.4GHz,40:ED:00:17:E0:D8,-45, WPA2 ,0.000000,0.000000,0.000,0.000,AP
2024-11-27 21:03:45,1900-01-00 00:00:00,,02:26:02:03:25:E0,-45,,0.000000,0.000000,0.000,0.000,Client
2024-11-27 21:03:45,1900-01-00 00:00:00,Struhar 2.4GHz,40:ED:00:17:E0:D8,-45, WPA2 ,0.000000,0.000000,0.000,0.000,AP
2024-11-27 21:03:45,1900-01-00 00:00:00,,02:26:02:03:25:E0,-45,,0.000000,0.000000,0.000,0.000,Client
2024-11-27 21:03:45,1900-01-00 00:00:00,Struhar 2.4GHz,40:ED:00:17:E0:D8,-45, WPA2 ,0.000000,0.000000,0.000,0.000,AP
2024-11-27 21:03:45,1900-01-00 00:00:00,,02:26:02:03:25:E0,-45,,0.000000,0.000000,0.000,0.000,Client
2024-11-27 21:03:45,1900-01-00 00:00:00,Struhar 2.4GHz,40:ED:00:17:E0:D8,-45, WPA2 ,0.000000,0.000000,0.000,0.000,AP
2024-11-27 21:03:45,1900-01-00 00:00:00,,02:26:02:03:25:E0,-45,,0.000000,0.000000,0.000,0.000,Client
2024-11-27 21:03:45,1900-01-00 00:00:00,Struhar 2.4GHz,40:ED:00:17:E0:D8,-45, WPA2 ,0.000000,0.000000,0.000,0.000,AP
2024-11-27 21:03:45,1900-01-00 00:00:00,Struhar 2.4GHz,40:ED:00:17:E0:D8,-44, WPA2 ,0.000000,0.000000,0.000,0.000,AP
2024-11-27 21:03:45,1900-01-00 00:00:00,,02:26:02:03:25:E0,-44,,0.000000,0.000000,0.000,0.000,Client
2024-11-27 21:03:45,1900-01-00 00:00:00,Struhar 2.4GHz,40:ED:00:17:E0:D8,-44, WPA2 ,0.000000,0.000000,0.000,0.000,AP
2024-11-27 21:03:45,1900-01-00 00:00:00,,02:26:02:03:25:E0,-44,,0.000000,0.000000,0.000,0.000,Client
2024-11-27 21:03:45,1900-01-00 00:00:00,Struhar 2.4GHz,40:ED:00:17:E0:D8,-44, WPA2 ,0.000000,0.000000,0.000,0.000,AP
2024-11-27 21:03:45,1900-01-00 00:00:00,,02:26:02:03:25:E0,-44,,0.000000,0.000000,0.000,0.000,Client
2024-11-27 21:03:45,1900-01-00 00:00:00,Struhar 2.4GHz,40:ED:00:17:E0:D8,-44, WPA2 ,0.000000,0.000000,0.000,0.000,AP
2024-11-27 21:03:45,1900-01-00 00:00:00,Struhar 2.4GHz,40:ED:00:17:E0:D8,-44, WPA2 ,0.000000,0.000000,0.000,0.000,AP
2024-11-27 21:03:45,1900-01-00 00:00:00,,02:26:02:03:25:E0,-45,,0.000000,0.000000,0.000,0.000,Client
2024-11-27 21:03:45,1900-01-00 00:00:00,Struhar 2.4GHz,40:ED:00:17:E0:D8,-45, WPA2 ,0.000000,0.000000,0.000,0.000,AP
2024-11-27 21:03:45,1900-01-00 00:00:00,,02:26:02:03:25:E0,-45,,0.000000,0.000000,0.000,0.000,Client
2024-11-27 21:03:45,1900-01-00 00:00:00,Struhar 2.4GHz,40:ED:00:17:E0:D8,-45, WPA2 ,0.000000,0.000000,0.000,0.000,AP
2024-11-27 21:03:45,1900-01-00 00:00:00,,02:26:02:03:25:E0,-45,,0.000000,0.000000,0.000,0.000,Client
2024-11-27 21:03:45,1900-01-00 00:00:00,Struhar 2.4GHz,40:ED:00:17:E0:D8,-45, WPA2 ,0.000000,0.000000,0.000,0.000,AP
2024-11-27 21:03:45,1900-01-00 00:00:00,,02:26:02:03:25:E0,-45,,0.000000,0.000000,0.000,0.000,Client
2024-11-27 21:03:45,1900-01-00 00:00:00,Struhar 2.4GHz,40:ED:00:17:E0:D8,-45, WPA2 ,0.000000,0.000000,0.000,0.000,AP
2024-11-27 21:03:45,1900-01-00 00:00:00,,02:26:02:03:25:E0,-45,,0.000000,0.000000,0.000,0.000,Client
2024-11-27 21:03:45,1900-01-00 00:00:00,Struhar 2.4GHz,40:ED:00:17:E0:D8,-45, WPA2 ,0.000000,0.000000,0.000,0.000,AP
2024-11-27 21:03:45,1900-01-00 00:00:00,,02:26:02:03:25:E0,-45,,0.000000,0.000000,0.000,0.000,Client
2024-11-27 21:03:45,1900-01-00 00:00:00,Struhar 2.4GHz,40:ED:00:17:E0:D8,-45, WPA2 ,0.000000,0.000000,0.000,0.000,AP
2024-11-27 21:03:45,1900-01-00 00:00:00,,02:26:02:03:25:E0,-45,,0.000000,0.000000,0.000,0.000,Client
2024-11-27 21:03:45,1900-01-00 00:00:00,Struhar 2.4GHz,40:ED:00:17:E0:D8,-45, WPA2 ,0.000000,0.000000,0.000,0.000,AP
2024-11-27 21:03:45,1900-01-00 00:00:00,,02:26:02:03:25:E0,-45,,0.000000,0.000000,0.000,0.000,Client
2024-11-27 21:03:45,1900-01-00 00:00:00,Struhar 2.4GHz,40:ED:00:17:E0:D8,-45, WPA2 ,0.000000,0.000000,0.000,0.000,AP
2024-11-27 21:03:45,1900-01-00 00:00:00,,02:26:02:03:25:E0,-45,,0.000000,0.000000,0.000,0.000,Client
2024-11-27 21:03:45,1900-01-00 00:00:00,Struhar 2.4GHz,40:ED:00:17:E0:D8,-45, WPA2 ,0.000000,0.000000,0.000,0.000,AP
2024-11-27 21:03:45,1900-01-00 00:00:00,,02:26:02:03:25:E0,-45,,0.000000,0.000000,0.000,0.000,Client
2024-11-27 21:03:45,1900-01-00 00:00:00,Struhar 2.4GHz,40:ED:00:17:E0:D8,-45, WPA2 ,0.000000,0.000000,0.000,0.000,AP
2024-11-27 21:03:46,1900-01-00 00:00:00,Struhar 2.4GHz,40:ED:00:17:E0:D8,-44, WPA2 ,0.000000,0.000000,0.000,0.000,AP
2024-11-27 21:03:46,1900-01-00 00:00:00,Struhar 2.4GHz,40:ED:00:17:E0:D8,-44, WPA2 ,0.000000,0.000000,0.000,0.000,AP
2024-11-27 21:03:46,1900-01-00 00:00:00,Struhar 2.4GHz,40:ED:00:17:E0:D8,-44, WPA2 ,0.000000,0.000000,0.000,0.000,AP
2024-11-27 21:03:46,1900-01-00 00:00:00,Struhar 2.4GHz,40:ED:00:17:E0:D8,-45, WPA2 ,0.000000,0.000000,0.000,0.000,AP
2024-11-27 21:03:46,1900-01-00 00:00:00,Struhar 2.4GHz,40:ED:00:17:E0:D8,-45, WPA2 ,0.000000,0.000000,0.000,0.000,AP
2024-11-27 21:03:46,1900-01-00 00:00:00,Struhar 2.4GHz,40:ED:00:17:E0:D8,-45, WPA2 ,0.000000,0.000000,0.000,0.000,AP
2024-11-27 21:03:46,1900-01-00 00:00:00,Struhar 2.4GHz,40:ED:00:17:E0:D8,-44, WPA2 ,0.000000,0.000000,0.000,0.000,AP
2024-11-27 21:03:46,1900-01-00 00:00:00,Struhar 2.4GHz,40:ED:00:17:E0:D8,-45, WPA2 ,0.000000,0.000000,0.000,0.000,AP
2024-11-27 21:03:46,1900-01-00 00:00:00,Struhar 2.4GHz,40:ED:00:17:E0:D8,-45, WPA2 ,0.000000,0.000000,0.000,0.000,AP
2024-11-27 21:03:46,1900-01-00 00:00:00,Struhar 2.4GHz,40:ED:00:17:E0:D8,-45, WPA2 ,0.000000,0.000000,0.000,0.000,AP
2024-11-27 21:03:46,1900-01-00 00:00:00,Struhar 2.4GHz,40:ED:00:17:E0:D8,-44, WPA2 ,0.000000,0.000000,0.000,0.000,AP
2024-11-27 21:03:47,1900-01-00 00:00:00,Struhar 2.4GHz,40:ED:00:17:E0:D8,-44, WPA2 ,0.000000,0.000000,0.000,0.000,AP
2024-11-27 21:03:47,1900-01-00 00:00:00,Struhar 2.4GHz,40:ED:00:17:E0:D8,-45, WPA2 ,0.000000,0.000000,0.000,0.000,AP
2024-11-27 21:03:47,1900-01-00 00:00:00,Struhar 2.4GHz,40:ED:00:17:E0:D8,-45, WPA2 ,0.000000,0.000000,0.000,0.000,AP
2024-11-27 21:03:47,1900-01-00 00:00:00,Struhar 2.4GHz,40:ED:00:17:E0:D8,-45, WPA2 ,0.000000,0.000000,0.000,0.000,AP
2024-11-27 21:03:47,1900-01-00 00:00:00,Struhar 2.4GHz,40:ED:00:17:E0:D8,-44, WPA2 ,0.000000,0.000000,0.000,0.000,AP
2024-11-27 21:03:47,1900-01-00 00:00:00,Struhar 2.4GHz,40:ED:00:17:E0:D8,-45, WPA2 ,0.000000,0.000000,0.000,0.000,AP
2024-11-27 21:03:47,1900-01-00 00:00:00,Struhar 2.4GHz,40:ED:00:17:E0:D8,-44, WPA2 ,0.000000,0.000000,0.000,0.000,AP
2024-11-27 21:03:47,1900-01-00 00:00:00,Struhar 2.4GHz,40:ED:00:17:E0:D8,-44, WPA2 ,0.000000,0.000000,0.000,0.000,AP
2024-11-27 21:03:47,1900-01-00 00:00:00,Struhar 2.4GHz,40:ED:00:17:E0:D8,-44, WPA2 ,0.000000,0.000000,0.000,0.000,AP
2024-11-27 21:03:47,1900-01-00 00:00:00,Struhar 2.4GHz,40:ED:00:17:E0:D8,-44, WPA2 ,0.000000,0.000000,0.000,0.000,AP
2024-11-27 21:03:48,1900-01-00 00:00:00,Struhar 2.4GHz,40:ED:00:17:E0:D8,-45, WPA2 ,0.000000,0.000000,0.000,0.000,AP
2024-11-27 21:03:48,1900-01-00 00:00:00,Struhar 2.4GHz,40:ED:00:17:E0:D8,-44, WPA2 ,0.000000,0.000000,0.000,0.000,AP
2024-11-27 21:03:48,1900-01-00 00:00:00,Struhar 2.4GHz,40:ED:00:17:E0:D8,-44, WPA2 ,0.000000,0.000000,0.000,0.000,AP
2024-11-27 21:03:48,1900-01-00 00:00:00,Struhar 2.4GHz,40:ED:00:17:E0:D8,-45, WPA2 ,0.000000,0.000000,0.000,0.000,AP
2024-11-27 21:03:48,1900-01-00 00:00:00,Struhar 2.4GHz,40:ED:00:17:E0:D8,-45, WPA2 ,0.000000,0.000000,0.000,0.000,AP
2024-11-27 21:03:48,1900-01-00 00:00:00,Struhar 2.4GHz,40:ED:00:17:E0:D8,-45, WPA2 ,0.000000,0.000000,0.000,0.000,AP
2024-11-27 21:03:48,1900-01-00 00:00:00,Struhar 2.4GHz,40:ED:00:17:E0:D8,-44, WPA2 ,0.000000,0.000000,0.000,0.000,AP
2024-11-27 21:03:48,1900-01-00 00:00:00,Struhar 2.4GHz,40:ED:00:17:E0:D8,-44, WPA2 ,0.000000,0.000000,0.000,0.000,AP
2024-11-27 21:03:48,1900-01-00 00:00:00,Struhar 2.4GHz,40:ED:00:17:E0:D8,-44, WPA2 ,0.000000,0.000000,0.000,0.000,AP
2024-11-27 21:03:49,1900-01-00 00:00:00,Struhar 2.4GHz,40:ED:00:17:E0:D8,-44, WPA2 ,0.000000,0.000000,0.000,0.000,AP
2024-11-27 21:03:49,1900-01-00 00:00:00,Struhar 2.4GHz,40:ED:00:17:E0:D8,-42, WPA2 ,0.000000,0.000000,0.000,0.000,AP
2024-11-27 21:03:49,1900-01-00 00:00:00,Struhar 2.4GHz,40:ED:00:17:E0:D8,-44, WPA2 ,0.000000,0.000000,0.000,0.000,AP
2024-11-27 21:03:49,1900-01-00 00:00:00,Struhar 2.4GHz,40:ED:00:17:E0:D8,-44, WPA2 ,0.000000,0.000000,0.000,0.000,AP
2024-11-27 21:03:49,1900-01-00 00:00:00,Struhar 2.4GHz,40:ED:00:17:E0:D8,-44, WPA2 ,0.000000,0.000000,0.000,0.000,AP
2024-11-27 21:03:49,1900-01-00 00:00:00,Struhar 2.4GHz,40:ED:00:17:E0:D8,-44, WPA2 ,0.000000,0.000000,0.000,0.000,AP
2024-11-27 21:03:49,1900-01-00 00:00:00,Struhar 2.4GHz,40:ED:00:17:E0:D8,-44, WPA2 ,0.000000,0.000000,0.000,0.000,AP
2024-11-27 21:03:49,1900-01-00 00:00:00,Struhar 2.4GHz,40:ED:00:17:E0:D8,-45, WPA2 ,0.000000,0.000000,0.000,0.000,AP
2024-11-27 21:03:49,1900-01-00 00:00:00,Struhar 2.4GHz,40:ED:00:17:E0:D8,-44, WPA2 ,0.000000,0.000000,0.000,0.000,AP
2024-11-27 21:03:49,1900-01-00 00:00:00,,34:E6:AD:BA:A0:54,-54,,0.000000,0.000000,0.000,0.000,Client
2024-11-27 21:03:50,1900-01-00 00:00:00,Struhar 2.4GHz,40:ED:00:17:E0:D8,-44, WPA2 ,0.000000,0.000000,0.000,0.000,AP
2024-11-27 21:03:50,1900-01-00 00:00:00,Struhar 2.4GHz,40:ED:00:17:E0:D8,-44, WPA2 ,0.000000,0.000000,0.000,0.000,AP
2024-11-27 21:03:50,1900-01-00 00:00:00,Struhar 2.4GHz,40:ED:00:17:E0:D8,-44, WPA2 ,0.000000,0.000000,0.000,0.000,AP
2024-11-27 21:03:50,1900-01-00 00:00:00,Struhar 2.4GHz,40:ED:00:17:E0:D8,-44, WPA2 ,0.000000,0.000000,0.000,0.000,AP
2024-11-27 21:03:50,1900-01-00 00:00:00,Struhar 2.4GHz,40:ED:00:17:E0:D8,-44, WPA2 ,0.000000,0.000000,0.000,0.000,AP
2024-11-27 21:03:50,1900-01-00 00:00:00,Struhar 2.4GHz,40:ED:00:17:E0:D8,-44, WPA2 ,0.000000,0.000000,0.000,0.000,AP
2024-11-27 21:03:50,1900-01-00 00:00:00,Struhar 2.4GHz,40:ED:00:17:E0:D8,-44, WPA2 ,0.000000,0.000000,0.000,0.000,AP
2024-11-27 21:03:50,1900-01-00 00:00:00,Struhar 2.4GHz,40:ED:00:17:E0:D8,-44, WPA2 ,0.000000,0.000000,0.000,0.000,AP
2024-11-27 21:03:50,1900-01-00 00:00:00,Struhar 2.4GHz,40:ED:00:17:E0:D8,-44, WPA2 ,0.000000,0.000000,0.000,0.000,AP
2024-11-27 21:03:50,1900-01-00 00:00:00,Struhar 2.4GHz,40:ED:00:17:E0:D8,-44, WPA2 ,0.000000,0.000000,0.000,0.000,AP
2024-11-27 21:03:51,1900-01-00 00:00:00,Struhar 2.4GHz,40:ED:00:17:E0:D8,-44, WPA2 ,0.000000,0.000000,0.000,0.000,AP
2024-11-27 21:03:51,1900-01-00 00:00:00,Struhar 2.4GHz,40:ED:00:17:E0:D8,-44, WPA2 ,0.000000,0.000000,0.000,0.000,AP
2024-11-27 21:03:51,1900-01-00 00:00:00,Struhar 2.4GHz,40:ED:00:17:E0:D8,-44, WPA2 ,0.000000,0.000000,0.000,0.000,AP
2024-11-27 21:03:51,1900-01-00 00:00:00,,34:E6:AD:BA:A0:54,-59,,0.000000,0.000000,0.000,0.000,Client
2024-11-27 21:03:51,1900-01-00 00:00:00,Struhar 2.4GHz,40:ED:00:17:E0:D8,-48, WPA2 ,0.000000,0.000000,0.000,0.000,AP
2024-11-27 21:03:51,1900-01-00 00:00:00,Struhar 2.4GHz,40:ED:00:17:E0:D8,-45, WPA2 ,0.000000,0.000000,0.000,0.000,AP
2024-11-27 21:03:51,1900-01-00 00:00:00,,34:E6:AD:BA:A0:54,-54,,0.000000,0.000000,0.000,0.000,Client
2024-11-27 21:03:51,1900-01-00 00:00:00,Struhar 2.4GHz,40:ED:00:17:E0:D8,-45, WPA2 ,0.000000,0.000000,0.000,0.000,AP
2024-11-27 21:03:51,1900-01-00 00:00:00,Struhar 2.4GHz,40:ED:00:17:E0:D8,-44, WPA2 ,0.000000,0.000000,0.000,0.000,AP
2024-11-27 21:03:51,1900-01-00 00:00:00,Struhar 2.4GHz,40:ED:00:17:E0:D8,-45, WPA2 ,0.000000,0.000000,0.000,0.000,AP
2024-11-27 21:03:51,1900-01-00 00:00:00,Struhar 2.4GHz,40:ED:00:17:E0:D8,-44, WPA2 ,0.000000,0.000000,0.000,0.000,AP
2024-11-27 21:03:51,1900-01-00 00:00:00,Struhar 2.4GHz,40:ED:00:17:E0:D8,-48, WPA2 ,0.000000,0.000000,0.000,0.000,AP
2024-11-27 21:03:51,1900-01-00 00:00:00,Struhar 2.4GHz,40:ED:00:17:E0:D8,-44, WPA2 ,0.000000,0.000000,0.000,0.000,AP
2024-11-27 21:03:51,1900-01-00 00:00:00,Struhar 2.4GHz,40:ED:00:17:E0:D8,-44, WPA2 ,0.000000,0.000000,0.000,0.000,AP
2024-11-27 21:03:51,1900-01-00 00:00:00,Struhar 2.4GHz,40:ED:00:17:E0:D8,-45, WPA2 ,0.000000,0.000000,0.000,0.000,AP
2024-11-27 21:03:52,1900-01-00 00:00:00,Struhar 2.4GHz,40:ED:00:17:E0:D8,-44, WPA2 ,0.000000,0.000000,0.000,0.000,AP
2024-11-27 21:03:52,1900-01-00 00:00:00,Struhar 2.4GHz,40:ED:00:17:E0:D8,-44, WPA2 ,0.000000,0.000000,0.000,0.000,AP
2024-11-27 21:03:52,1900-01-00 00:00:00,Struhar 2.4GHz,40:ED:00:17:E0:D8,-44, WPA2 ,0.000000,0.000000,0.000,0.000,AP
2024-11-27 21:03:52,1900-01-00 00:00:00,Struhar 2.4GHz,40:ED:00:17:E0:D8,-44, WPA2 ,0.000000,0.000000,0.000,0.000,AP
2024-11-27 21:03:52,1900-01-00 00:00:00,Struhar 2.4GHz,40:ED:00:17:E0:D8,-44, WPA2 ,0.000000,0.000000,0.000,0.000,AP
2024-11-27 21:03:52,1900-01-00 00:00:00,Struhar 2.4GHz,40:ED:00:17:E0:D8,-45, WPA2 ,0.000000,0.000000,0.000,0.000,AP
2024-11-27 21:03:52,1900-01-00 00:00:00,Struhar 2.4GHz,40:ED:00:17:E0:D8,-44, WPA2 ,0.000000,0.000000,0.000,0.000,AP
2024-11-27 21:03:52,1900-01-00 00:00:00,Struhar 2.4GHz,40:ED:00:17:E0:D8,-44, WPA2 ,0.000000,0.000000,0.000,0.000,AP
2024-11-27 21:03:52,1900-01-00 00:00:00,Struhar 2.4GHz,40:ED:00:17:E0:D8,-44, WPA2 ,0.000000,0.000000,0.000,0.000,AP
2024-11-27 21:03:52,1900-01-00 00:00:00,Struhar 2.4GHz,40:ED:00:17:E0:D8,-44, WPA2 ,0.000000,0.000000,0.000,0.000,AP
2024-11-27 21:03:52,1900-01-00 00:00:00,Struhar 2.4GHz,40:ED:00:17:E0:D8,-44, WPA2 ,0.000000,0.000000,0.000,0.000,AP
2024-11-27 21:03:52,1900-01-00 00:00:00,Struhar 2.4GHz,40:ED:00:17:E0:D8,-44, WPA2 ,0.000000,0.000000,0.000,0.000,AP
2024-11-27 21:03:53,1900-01-00 00:00:00,Struhar 2.4GHz,40:ED:00:17:E0:D8,-44, WPA2 ,0.000000,0.000000,0.000,0.000,AP
2024-11-27 21:03:53,1900-01-00 00:00:00,Struhar 2.4GHz,40:ED:00:17:E0:D8,-44, WPA2 ,0.000000,0.000000,0.000,0.000,AP
2024-11-27 21:03:53,1900-01-00 00:00:00,Struhar 2.4GHz,40:ED:00:17:E0:D8,-44, WPA2 ,0.000000,0.000000,0.000,0.000,AP
2024-11-27 21:03:53,1900-01-00 00:00:00,Struhar 2.4GHz,40:ED:00:17:E0:D8,-45, WPA2 ,0.000000,0.000000,0.000,0.000,AP
2024-11-27 21:03:53,1900-01-00 00:00:00,Struhar 2.4GHz,40:ED:00:17:E0:D8,-45, WPA2 ,0.000000,0.000000,0.000,0.000,AP
2024-11-27 21:03:53,1900-01-00 00:00:00,Struhar 2.4GHz,40:ED:00:17:E0:D8,-44, WPA2 ,0.000000,0.000000,0.000,0.000,AP
2024-11-27 21:03:53,1900-01-00 00:00:00,Struhar 2.4GHz,40:ED:00:17:E0:D8,-44, WPA2 ,0.000000,0.000000,0.000,0.000,AP
2024-11-27 21:03:53,1900-01-00 00:00:00,Struhar 2.4GHz,40:ED:00:17:E0:D8,-45, WPA2 ,0.000000,0.000000,0.000,0.000,AP
2024-11-27 21:03:53,1900-01-00 00:00:00,Struhar 2.4GHz,40:ED:00:17:E0:D8,-47, WPA2 ,0.000000,0.000000,0.000,0.000,AP
2024-11-27 21:03:53,1900-01-00 00:00:00,Struhar 2.4GHz,40:ED:00:17:E0:D8,-48, WPA2 ,0.000000,0.000000,0.000,0.000,AP
2024-11-27 21:03:54,1900-01-00 00:00:00,Struhar 2.4GHz,40:ED:00:17:E0:D8,-42, WPA2 ,0.000000,0.000000,0.000,0.000,AP
2024-11-27 21:03:54,1900-01-00 00:00:00,Struhar 2.4GHz,40:ED:00:17:E0:D8,-42, WPA2 ,0.000000,0.000000,0.000,0.000,AP
2024-11-27 21:03:54,1900-01-00 00:00:00,Struhar 2.4GHz,40:ED:00:17:E0:D8,-43, WPA2 ,0.000000,0.000000,0.000,0.000,AP
2024-11-27 21:03:54,1900-01-00 00:00:00,Struhar 2.4GHz,40:ED:00:17:E0:D8,-42, WPA2 ,0.000000,0.000000,0.000,0.000,AP
2024-11-27 21:03:54,1900-01-00 00:00:00,Struhar 2.4GHz,40:ED:00:17:E0:D8,-43, WPA2 ,0.000000,0.000000,0.000,0.000,AP
2024-11-27 21:03:54,1900-01-00 00:00:00,Struhar 2.4GHz,40:ED:00:17:E0:D8,-43, WPA2 ,0.000000,0.000000,0.000,0.000,AP
2024-11-27 21:03:54,1900-01-00 00:00:00,Struhar 2.4GHz,40:ED:00:17:E0:D8,-44, WPA2 ,0.000000,0.000000,0.000,0.000,AP
2024-11-27 21:03:54,1900-01-00 00:00:00,Struhar 2.4GHz,40:ED:00:17:E0:D8,-44, WPA2 ,0.000000,0.000000,0.000,0.000,AP
2024-11-27 21:03:54,1900-01-00 00:00:00,Struhar 2.4GHz,40:ED:00:17:E0:D8,-44, WPA2 ,0.000000,0.000000,0.000,0.000,AP
2024-11-27 21:03:54,1900-01-00 00:00:00,Struhar 2.4GHz,40:ED:00:17:E0:D8,-44, WPA2 ,0.000000,0.000000,0.000,0.000,AP
2024-11-27 21:03:54,1900-01-00 00:00:00,Struhar 2.4GHz,40:ED:00:17:E0:D8,-44, WPA2 ,0.000000,0.000000,0.000,0.000,AP
2024-11-27 21:03:55,1900-01-00 00:00:00,Struhar 2.4GHz,40:ED:00:17:E0:D8,-45, WPA2 ,0.000000,0.000000,0.000,0.000,AP
2024-11-27 21:03:55,1900-01-00 00:00:00,Struhar 2.4GHz,40:ED:00:17:E0:D8,-45, WPA2 ,0.000000,0.000000,0.000,0.000,AP
2024-11-27 21:03:55,1900-01-00 00:00:00,Struhar 2.4GHz,40:ED:00:17:E0:D8,-44, WPA2 ,0.000000,0.000000,0.000,0.000,AP
2024-11-27 21:03:55,1900-01-00 00:00:00,Struhar 2.4GHz,40:ED:00:17:E0:D8,-44, WPA2 ,0.000000,0.000000,0.000,0.000,AP
2024-11-27 21:03:55,1900-01-00 00:00:00,Struhar 2.4GHz,40:ED:00:17:E0:D8,-45, WPA2 ,0.000000,0.000000,0.000,0.000,AP
2024-11-27 21:03:55,1900-01-00 00:00:00,Struhar 2.4GHz,40:ED:00:17:E0:D8,-45, WPA2 ,0.000000,0.000000,0.000,0.000,AP
2024-11-27 21:03:55,1900-01-00 00:00:00,Struhar 2.4GHz,40:ED:00:17:E0:D8,-43, WPA2 ,0.000000,0.000000,0.000,0.000,AP
2024-11-27 21:03:55,1900-01-00 00:00:00,Struhar 2.4GHz,40:ED:00:17:E0:D8,-43, WPA2 ,0.000000,0.000000,0.000,0.000,AP
2024-11-27 21:03:55,1900-01-00 00:00:00,Struhar 2.4GHz,40:ED:00:17:E0:D8,-45, WPA2 ,0.000000,0.000000,0.000,0.000,AP
2024-11-27 21:03:55,1900-01-00 00:00:00,Struhar 2.4GHz,40:ED:00:17:E0:D8,-45, WPA2 ,0.000000,0.000000,0.000,0.000,AP
2024-11-27 21:03:55,1900-01-00 00:00:00,Struhar 2.4GHz,40:ED:00:17:E0:D8,-45, WPA2 ,0.000000,0.000000,0.000,0.000,AP
2024-11-27 21:03:56,1900-01-00 00:00:00,Struhar 2.4GHz,40:ED:00:17:E0:D8,-45, WPA2 ,0.000000,0.000000,0.000,0.000,AP
2024-11-27 21:03:56,1900-01-00 00:00:00,Struhar 2.4GHz,40:ED:00:17:E0:D8,-45, WPA2 ,0.000000,0.000000,0.000,0.000,AP
2024-11-27 21:03:56,1900-01-00 00:00:00,Struhar 2.4GHz,40:ED:00:17:E0:D8,-45, WPA2 ,0.000000,0.000000,0.000,0.000,AP
2024-11-27 21:03:56,1900-01-00 00:00:00,Struhar 2.4GHz,40:ED:00:17:E0:D8,-45, WPA2 ,0.000000,0.000000,0.000,0.000,AP
2024-11-27 21:03:56,1900-01-00 00:00:00,Struhar 2.4GHz,40:ED:00:17:E0:D8,-45, WPA2 ,0.000000,0.000000,0.000,0.000,AP
2024-11-27 21:03:56,1900-01-00 00:00:00,Struhar 2.4GHz,40:ED:00:17:E0:D8,-45, WPA2 ,0.000000,0.000000,0.000,0.000,AP
2024-11-27 21:03:56,1900-01-00 00:00:00,Struhar 2.4GHz,40:ED:00:17:E0:D8,-44, WPA2 ,0.000000,0.000000,0.000,0.000,AP
2024-11-27 21:03:56,1900-01-00 00:00:00,Struhar 2.4GHz,40:ED:00:17:E0:D8,-44, WPA2 ,0.000000,0.000000,0.000,0.000,AP
2024-11-27 21:03:56,1900-01-00 00:00:00,Struhar 2.4GHz,40:ED:00:17:E0:D8,-45, WPA2 ,0.000000,0.000000,0.000,0.000,AP
2024-11-27 21:03:56,1900-01-00 00:00:00,Struhar 2.4GHz,40:ED:00:17:E0:D8,-45, WPA2 ,0.000000,0.000000,0.000,0.000,AP
2024-11-27 21:03:57,1900-01-00 00:00:00,Struhar 2.4GHz,40:ED:00:17:E0:D8,-45, WPA2 ,0.000000,0.000000,0.000,0.000,AP
2024-11-27 21:03:57,1900-01-00 00:00:00,Struhar 2.4GHz,40:ED:00:17:E0:D8,-45, WPA2 ,0.000000,0.000000,0.000,0.000,AP
2024-11-27 21:03:57,1900-01-00 00:00:00,Struhar 2.4GHz,40:ED:00:17:E0:D8,-45, WPA2 ,0.000000,0.000000,0.000,0.000,AP
2024-11-27 21:03:57,1900-01-00 00:00:00,Struhar 2.4GHz,40:ED:00:17:E0:D8,-45, WPA2 ,0.000000,0.000000,0.000,0.000,AP
2024-11-27 21:03:57,1900-01-00 00:00:00,Struhar 2.4GHz,40:ED:00:17:E0:D8,-45, WPA2 ,0.000000,0.000000,0.000,0.000,AP
2024-11-27 21:03:57,1900-01-00 00:00:00,Struhar 2.4GHz,40:ED:00:17:E0:D8,-45, WPA2 ,0.000000,0.000000,0.000,0.000,AP
2024-11-27 21:03:57,1900-01-00 00:00:00,Struhar 2.4GHz,40:ED:00:17:E0:D8,-45, WPA2 ,0.000000,0.000000,0.000,0.000,AP
2024-11-27 21:03:57,1900-01-00 00:00:00,Struhar 2.4GHz,40:ED:00:17:E0:D8,-45, WPA2 ,0.000000,0.000000,0.000,0.000,AP
2024-11-27 21:03:57,1900-01-00 00:00:00,Struhar 2.4GHz,40:ED:00:17:E0:D8,-45, WPA2 ,0.000000,0.000000,0.000,0.000,AP
2024-11-27 21:03:57,1900-01-00 00:00:00,Struhar 2.4GHz,40:ED:00:17:E0:D8,-45, WPA2 ,0.000000,0.000000,0.000,0.000,AP
2024-11-27 21:03:57,1900-01-00 00:00:00,Struhar 2.4GHz,40:ED:00:17:E0:D8,-45, WPA2 ,0.000000,0.000000,0.000,0.000,AP
2024-11-27 21:03:57,1900-01-00 00:00:00,Struhar 2.4GHz,40:ED:00:17:E0:D8,-45, WPA2 ,0.000000,0.000000,0.000,0.000,AP
2024-11-27 21:03:57,1900-01-00 00:00:00,Struhar 2.4GHz,40:ED:00:17:E0:D8,-45, WPA2 ,0.000000,0.000000,0.000,0.000,AP
2024-11-27 21:03:57,1900-01-00 00:00:00,Struhar 2.4GHz,40:ED:00:17:E0:D8,-44, WPA2 ,0.000000,0.000000,0.000,0.000,AP
2024-11-27 21:03:58,1900-01-00 00:00:00,Struhar 2.4GHz,40:ED:00:17:E0:D8,-44, WPA2 ,0.000000,0.000000,0.000,0.000,AP
2024-11-27 21:03:58,1900-01-00 00:00:00,Struhar 2.4GHz,40:ED:00:17:E0:D8,-45, WPA2 ,0.000000,0.000000,0.000,0.000,AP
2024-11-27 21:03:58,1900-01-00 00:00:00,Struhar 2.4GHz,40:ED:00:17:E0:D8,-44, WPA2 ,0.000000,0.000000,0.000,0.000,AP
2024-11-27 21:03:58,1900-01-00 00:00:00,Struhar 2.4GHz,40:ED:00:17:E0:D8,-45, WPA2 ,0.000000,0.000000,0.000,0.000,AP
2024-11-27 21:03:58,1900-01-00 00:00:00,Struhar 2.4GHz,40:ED:00:17:E0:D8,-42, WPA2 ,0.000000,0.000000,0.000,0.000,AP
2024-11-27 21:03:58,1900-01-00 00:00:00,Struhar 2.4GHz,40:ED:00:17:E0:D8,-44, WPA2 ,0.000000,0.000000,0.000,0.000,AP
2024-11-27 21:03:58,1900-01-00 00:00:00,Struhar 2.4GHz,40:ED:00:17:E0:D8,-45, WPA2 ,0.000000,0.000000,0.000,0.000,AP
2024-11-27 21:03:58,1900-01-00 00:00:00,Struhar 2.4GHz,40:ED:00:17:E0:D8,-44, WPA2 ,0.000000,0.000000,0.000,0.000,AP
2024-11-27 21:03:58,1900-01-00 00:00:00,Struhar 2.4GHz,40:ED:00:17:E0:D8,-44, WPA2 ,0.000000,0.000000,0.000,0.000,AP
2024-11-27 21:03:58,1900-01-00 00:00:00,Struhar 2.4GHz,40:ED:00:17:E0:D8,-44, WPA2 ,0.000000,0.000000,0.000,0.000,AP
2024-11-27 21:03:58,1900-01-00 00:00:00,Struhar 2.4GHz,40:ED:00:17:E0:D8,-45, WPA2 ,0.000000,0.000000,0.000,0.000,AP
2024-11-27 21:03:59,1900-01-00 00:00:00,Struhar 2.4GHz,40:ED:00:17:E0:D8,-45, WPA2 ,0.000000,0.000000,0.000,0.000,AP
2024-11-27 21:03:59,1900-01-00 00:00:00,Struhar 2.4GHz,40:ED:00:17:E0:D8,-45, WPA2 ,0.000000,0.000000,0.000,0.000,AP
2024-11-27 21:03:59,1900-01-00 00:00:00,Struhar 2.4GHz,40:ED:00:17:E0:D8,-45, WPA2 ,0.000000,0.000000,0.000,0.000,AP
2024-11-27 21:03:59,1900-01-00 00:00:00,Struhar 2.4GHz,40:ED:00:17:E0:D8,-48, WPA2 ,0.000000,0.000000,0.000,0.000,AP
2024-11-27 21:03:59,1900-01-00 00:00:00,Struhar 2.4GHz,40:ED:00:17:E0:D8,-45, WPA2 ,0.000000,0.000000,0.000,0.000,AP
2024-11-27 21:03:59,1900-01-00 00:00:00,Struhar 2.4GHz,40:ED:00:17:E0:D8,-44, WPA2 ,0.000000,0.000000,0.000,0.000,AP
2024-11-27 21:03:59,1900-01-00 00:00:00,Struhar 2.4GHz,40:ED:00:17:E0:D8,-42, WPA2 ,0.000000,0.000000,0.000,0.000,AP
2024-11-27 21:03:59,1900-01-00 00:00:00,Struhar 2.4GHz,40:ED:00:17:E0:D8,-45, WPA2 ,0.000000,0.000000,0.000,0.000,AP
2024-11-27 21:03:59,1900-01-00 00:00:00,Struhar 2.4GHz,40:ED:00:17:E0:D8,-45, WPA2 ,0.000000,0.000000,0.000,0.000,AP
2024-11-27 21:03:59,1900-01-00 00:00:00,Struhar 2.4GHz,40:ED:00:17:E0:D8,-45, WPA2 ,0.000000,0.000000,0.000,0.000,AP
2024-11-27 21:03:59,1900-01-00 00:00:00,Struhar 2.4GHz,40:ED:00:17:E0:D8,-45, WPA2 ,0.000000,0.000000,0.000,0.000,AP
2024-11-27 21:04:00,1900-01-00 00:00:00,Struhar 2.4GHz,40:ED:00:17:E0:D8,-42, WPA2 ,0.000000,0.000000,0.000,0.000,AP
2024-11-27 21:04:00,1900-01-00 00:00:00,Struhar 2.4GHz,40:ED:00:17:E0:D8,-45, WPA2 ,0.000000,0.000000,0.000,0.000,AP
2024-11-27 21:04:00,1900-01-00 00:00:00,Struhar 2.4GHz,40:ED:00:17:E0:D8,-45, WPA2 ,0.000000,0.000000,0.000,0.000,AP
2024-11-27 21:04:00,1900-01-00 00:00:00,Struhar 2.4GHz,40:ED:00:17:E0:D8,-43, WPA2 ,0.000000,0.000000,0.000,0.000,AP
2024-11-27 21:04:00,1900-01-00 00:00:00,Struhar 2.4GHz,40:ED:00:17:E0:D8,-45, WPA2 ,0.000000,0.000000,0.000,0.000,AP
2024-11-27 21:04:00,1900-01-00 00:00:00,Struhar 2.4GHz,40:ED:00:17:E0:D8,-44, WPA2 ,0.000000,0.000000,0.000,0.000,AP
2024-11-27 21:04:00,1900-01-00 00:00:00,Struhar 2.4GHz,40:ED:00:17:E0:D8,-44, WPA2 ,0.000000,0.000000,0.000,0.000,AP
2024-11-27 21:04:00,1900-01-00 00:00:00,Struhar 2.4GHz,40:ED:00:17:E0:D8,-44, WPA2 ,0.000000,0.000000,0.000,0.000,AP
2024-11-27 21:04:00,1900-01-00 00:00:00,,34:E6:AD:BA:A0:54,-52,,0.000000,0.000000,0.000,0.000,Client
2024-11-27 21:04:00,1900-01-00 00:00:00,Struhar 2.4GHz,40:ED:00:17:E0:D8,-44, WPA2 ,0.000000,0.000000,0.000,0.000,AP
2024-11-27 21:04:00,1900-01-00 00:00:00,Struhar 2.4GHz,40:ED:00:17:E0:D8,-44, WPA2 ,0.000000,0.000000,0.000,0.000,AP
2024-11-27 21:04:00,1900-01-00 00:00:00,Struhar 2.4GHz,40:ED:00:17:E0:D8,-44, WPA2 ,0.000000,0.000000,0.000,0.000,AP
2024-11-27 21:04:01,1900-01-00 00:00:00,Struhar 2.4GHz,40:ED:00:17:E0:D8,-45, WPA2 ,0.000000,0.000000,0.000,0.000,AP
2024-11-27 21:04:01,1900-01-00 00:00:00,Struhar 2.4GHz,40:ED:00:17:E0:D8,-44, WPA2 ,0.000000,0.000000,0.000,0.000,AP
2024-11-27 21:04:01,1900-01-00 00:00:00,Struhar 2.4GHz,40:ED:00:17:E0:D8,-44, WPA2 ,0.000000,0.000000,0.000,0.000,AP
2024-11-27 21:04:01,1900-01-00 00:00:00,,34:E6:AD:BA:A0:54,-58,,0.000000,0.000000,0.000,0.000,Client
2024-11-27 21:04:01,1900-01-00 00:00:00,Struhar 2.4GHz,40:ED:00:17:E0:D8,-41, WPA2 ,0.000000,0.000000,0.000,0.000,AP
2024-11-27 21:04:01,1900-01-00 00:00:00,Struhar 2.4GHz,40:ED:00:17:E0:D8,-44, WPA2 ,0.000000,0.000000,0.000,0.000,AP
2024-11-27 21:04:01,1900-01-00 00:00:00,,34:E6:AD:BA:A0:54,-52,,0.000000,0.000000,0.000,0.000,Client
2024-11-27 21:04:01,1900-01-00 00:00:00,Struhar 2.4GHz,40:ED:00:17:E0:D8,-44, WPA2 ,0.000000,0.000000,0.000,0.000,AP
2024-11-27 21:04:01,1900-01-00 00:00:00,Struhar 2.4GHz,40:ED:00:17:E0:D8,-47, WPA2 ,0.000000,0.000000,0.000,0.000,AP
2024-11-27 21:04:01,1900-01-00 00:00:00,Struhar 2.4GHz,40:ED:00:17:E0:D8,-44, WPA2 ,0.000000,0.000000,0.000,0.000,AP
2024-11-27 21:04:01,1900-01-00 00:00:00,Struhar 2.4GHz,40:ED:00:17:E0:D8,-44, WPA2 ,0.000000,0.000000,0.000,0.000,AP
2024-11-27 21:04:01,1900-01-00 00:00:00,Struhar 2.4GHz,40:ED:00:17:E0:D8,-44, WPA2 ,0.000000,0.000000,0.000,0.000,AP
2024-11-27 21:04:01,1900-01-00 00:00:00,Struhar 2.4GHz,40:ED:00:17:E0:D8,-42, WPA2 ,0.000000,0.000000,0.000,0.000,AP
2024-11-27 21:04:01,1900-01-00 00:00:00,Struhar 2.4GHz,40:ED:00:17:E0:D8,-44, WPA2 ,0.000000,0.000000,0.000,0.000,AP
2024-11-27 21:04:01,1900-01-00 00:00:00,Struhar 2.4GHz,40:ED:00:17:E0:D8,-44, WPA2 ,0.000000,0.000000,0.000,0.000,AP
2024-11-27 21:04:02,1900-01-00 00:00:00,Struhar 2.4GHz,40:ED:00:17:E0:D8,-44, WPA2 ,0.000000,0.000000,0.000,0.000,AP
2024-11-27 21:04:02,1900-01-00 00:00:00,Struhar 2.4GHz,40:ED:00:17:E0:D8,-44, WPA2 ,0.000000,0.000000,0.000,0.000,AP
2024-11-27 21:04:02,1900-01-00 00:00:00,Struhar 2.4GHz,40:ED:00:17:E0:D8,-44, WPA2 ,0.000000,0.000000,0.000,0.000,AP
2024-11-27 21:04:02,1900-01-00 00:00:00,Struhar 2.4GHz,40:ED:00:17:E0:D8,-44, WPA2 ,0.000000,0.000000,0.000,0.000,AP
2024-11-27 21:04:02,1900-01-00 00:00:00,Struhar 2.4GHz,40:ED:00:17:E0:D8,-44, WPA2 ,0.000000,0.000000,0.000,0.000,AP
2024-11-27 21:04:02,1900-01-00 00:00:00,Struhar 2.4GHz,40:ED:00:17:E0:D8,-44, WPA2 ,0.000000,0.000000,0.000,0.000,AP
2024-11-27 21:04:02,1900-01-00 00:00:00,Struhar 2.4GHz,40:ED:00:17:E0:D8,-43, WPA2 ,0.000000,0.000000,0.000,0.000,AP
2024-11-27 21:04:02,1900-01-00 00:00:00,Struhar 2.4GHz,40:ED:00:17:E0:D8,-44, WPA2 ,0.000000,0.000000,0.000,0.000,AP
2024-11-27 21:04:02,1900-01-00 00:00:00,Struhar 2.4GHz,40:ED:00:17:E0:D8,-44, WPA2 ,0.000000,0.000000,0.000,0.000,AP
2024-11-27 21:04:02,1900-01-00 00:00:00,Struhar 2.4GHz,40:ED:00:17:E0:D8,-44, WPA2 ,0.000000,0.000000,0.000,0.000,AP
2024-11-27 21:04:03,1900-01-00 00:00:00,Struhar 2.4GHz,40:ED:00:17:E0:D8,-44, WPA2 ,0.000000,0.000000,0.000,0.000,AP
2024-11-27 21:04:03,1900-01-00 00:00:00,Struhar 2.4GHz,40:ED:00:17:E0:D8,-44, WPA2 ,0.000000,0.000000,0.000,0.000,AP
2024-11-27 21:04:03,1900-01-00 00:00:00,Struhar 2.4GHz,40:ED:00:17:E0:D8,-44, WPA2 ,0.000000,0.000000,0.000,0.000,AP
2024-11-27 21:04:03,1900-01-00 00:00:00,Struhar 2.4GHz,40:ED:00:17:E0:D8,-44, WPA2 ,0.000000,0.000000,0.000,0.000,AP
2024-11-27 21:04:03,1900-01-00 00:00:00,Struhar 2.4GHz,40:ED:00:17:E0:D8,-44, WPA2 ,0.000000,0.000000,0.000,0.000,AP
2024-11-27 21:04:03,1900-01-00 00:00:00,Struhar 2.4GHz,40:ED:00:17:E0:D8,-44, WPA2 ,0.000000,0.000000,0.000,0.000,AP
2024-11-27 21:04:03,1900-01-00 00:00:00,Struhar 2.4GHz,40:ED:00:17:E0:D8,-43, WPA2 ,0.000000,0.000000,0.000,0.000,AP
2024-11-27 21:04:03,1900-01-00 00:00:00,Struhar 2.4GHz,40:ED:00:17:E0:D8,-44, WPA2 ,0.000000,0.000000,0.000,0.000,AP
2024-11-27 21:04:03,1900-01-00 00:00:00,Struhar 2.4GHz,40:ED:00:17:E0:D8,-44, WPA2 ,0.000000,0.000000,0.000,0.000,AP
2024-11-27 21:04:03,1900-01-00 00:00:00,Struhar 2.4GHz,40:ED:00:17:E0:D8,-44, WPA2 ,0.000000,0.000000,0.000,0.000,AP
2024-11-27 21:04:03,1900-01-00 00:00:00,Struhar 2.4GHz,40:ED:00:17:E0:D8,-44, WPA2 ,0.000000,0.000000,0.000,0.000,AP
2024-11-27 21:04:03,1900-01-00 00:00:00,Struhar 2.4GHz,40:ED:00:17:E0:D8,-44, WPA2 ,0.000000,0.000000,0.000,0.000,AP
2024-11-27 21:04:03,1900-01-00 00:00:00,Struhar 2.4GHz,40:ED:00:17:E0:D8,-44, WPA2 ,0.000000,0.000000,0.000,0.000,AP
2024-11-27 21:04:03,1900-01-00 00:00:00,Struhar 2.4GHz,40:ED:00:17:E0:D8,-44, WPA2 ,0.000000,0.000000,0.000,0.000,AP
2024-11-27 21:04:03,1900-01-00 00:00:00,Struhar 2.4GHz,40:ED:00:17:E0:D8,-44, WPA2 ,0.000000,0.000000,0.000,0.000,AP
2024-11-27 21:04:04,1900-01-00 00:00:00,Struhar 2.4GHz,40:ED:00:17:E0:D8,-44, WPA2 ,0.000000,0.000000,0.000,0.000,AP
2024-11-27 21:04:04,1900-01-00 00:00:00,,34:E6:AD:BA:A0:54,-57,,0.000000,0.000000,0.000,0.000,Client
2024-11-27 21:04:04,1900-01-00 00:00:00,Struhar 2.4GHz,40:ED:00:17:E0:D8,-44, WPA2 ,0.000000,0.000000,0.000,0.000,AP
2024-11-27 21:04:04,1900-01-00 00:00:00,Struhar 2.4GHz,40:ED:00:17:E0:D8,-44, WPA2 ,0.000000,0.000000,0.000,0.000,AP
2024-11-27 21:04:04,1900-01-00 00:00:00,Struhar 2.4GHz,40:ED:00:17:E0:D8,-44, WPA2 ,0.000000,0.000000,0.000,0.000,AP
2024-11-27 21:04:04,1900-01-00 00:00:00,Struhar 2.4GHz,40:ED:00:17:E0:D8,-44, WPA2 ,0.000000,0.000000,0.000,0.000,AP
2024-11-27 21:04:04,1900-01-00 00:00:00,Struhar 2.4GHz,40:ED:00:17:E0:D8,-44, WPA2 ,0.000000,0.000000,0.000,0.000,AP
2024-11-27 21:04:04,1900-01-00 00:00:00,Struhar 2.4GHz,40:ED:00:17:E0:D8,-44, WPA2 ,0.000000,0.000000,0.000,0.000,AP
2024-11-27 21:04:04,1900-01-00 00:00:00,Struhar 2.4GHz,40:ED:00:17:E0:D8,-44, WPA2 ,0.000000,0.000000,0.000,0.000,AP
2024-11-27 21:04:04,1900-01-00 00:00:00,Struhar 2.4GHz,40:ED:00:17:E0:D8,-48, WPA2 ,0.000000,0.000000,0.000,0.000,AP
2024-11-27 21:04:04,1900-01-00 00:00:00,Struhar 2.4GHz,40:ED:00:17:E0:D8,-44, WPA2 ,0.000000,0.000000,0.000,0.000,AP
2024-11-27 21:04:04,1900-01-00 00:00:00,Struhar 2.4GHz,40:ED:00:17:E0:D8,-44, WPA2 ,0.000000,0.000000,0.000,0.000,AP
2024-11-27 21:04:04,1900-01-00 00:00:00,Struhar 2.4GHz,40:ED:00:17:E0:D8,-44, WPA2 ,0.000000,0.000000,0.000,0.000,AP
2024-11-27 21:04:04,1900-01-00 00:00:00,Struhar 2.4GHz,40:ED:00:17:E0:D8,-44, WPA2 ,0.000000,0.000000,0.000,0.000,AP
2024-11-27 21:04:04,1900-01-00 00:00:00,Struhar 2.4GHz,40:ED:00:17:E0:D8,-44, WPA2 ,0.000000,0.000000,0.000,0.000,AP
2024-11-27 21:04:04,1900-01-00 00:00:00,Struhar 2.4GHz,40:ED:00:17:E0:D8,-44, WPA2 ,0.000000,0.000000,0.000,0.000,AP
2024-11-27 21:04:04,1900-01-00 00:00:00,Struhar 2.4GHz,40:ED:00:17:E0:D8,-44, WPA2 ,0.000000,0.000000,0.000,0.000,AP
2024-11-27 21:04:04,1900-01-00 00:00:00,Struhar 2.4GHz,40:ED:00:17:E0:D8,-44, WPA2 ,0.000000,0.000000,0.000,0.000,AP
2024-11-27 21:04:04,1900-01-00 00:00:00,Struhar 2.4GHz,40:ED:00:17:E0:D8,-44, WPA2 ,0.000000,0.000000,0.000,0.000,AP
2024-11-27 21:04:04,1900-01-00 00:00:00,Struhar 2.4GHz,40:ED:00:17:E0:D8,-44, WPA2 ,0.000000,0.000000,0.000,0.000,AP
2024-11-27 21:04:04,1900-01-00 00:00:00,,02:26:02:03:25:E0,-32,,0.000000,0.000000,0.000,0.000,Client
2024-11-27 21:04:04,1900-01-00 00:00:00,Struhar 2.4GHz,40:ED:00:17:E0:D8,-44, WPA2 ,0.000000,0.000000,0.000,0.000,AP
2024-11-27 21:04:04,1900-01-00 00:00:00,Struhar 2.4GHz,40:ED:00:17:E0:D8,-44, WPA2 ,0.000000,0.000000,0.000,0.000,AP
2024-11-27 21:04:04,1900-01-00 00:00:00,Struhar 2.4GHz,40:ED:00:17:E0:D8,-44, WPA2 ,0.000000,0.000000,0.000,0.000,AP
2024-11-27 21:04:04,1900-01-00 00:00:00,Struhar 2.4GHz,40:ED:00:17:E0:D8,-44, WPA2 ,0.000000,0.000000,0.000,0.000,AP
2024-11-27 21:04:04,1900-01-00 00:00:00,Struhar 2.4GHz,40:ED:00:17:E0:D8,-44, WPA2 ,0.000000,0.000000,0.000,0.000,AP
2024-11-27 21:04:04,1900-01-00 00:00:00,Struhar 2.4GHz,40:ED:00:17:E0:D8,-44, WPA2 ,0.000000,0.000000,0.000,0.000,AP
2024-11-27 21:04:04,1900-01-00 00:00:00,Struhar 2.4GHz,40:ED:00:17:E0:D8,-44, WPA2 ,0.000000,0.000000,0.000,0.000,AP
2024-11-27 21:04:04,1900-01-00 00:00:00,Struhar 2.4GHz,40:ED:00:17:E0:D8,-44, WPA2 ,0.000000,0.000000,0.000,0.000,AP
2024-11-27 21:04:04,1900-01-00 00:00:00,Struhar 2.4GHz,40:ED:00:17:E0:D8,-44, WPA2 ,0.000000,0.000000,0.000,0.000,AP
2024-11-27 21:04:04,1900-01-00 00:00:00,Struhar 2.4GHz,40:ED:00:17:E0:D8,-44, WPA2 ,0.000000,0.000000,0.000,0.000,AP
2024-11-27 21:04:04,1900-01-00 00:00:00,Struhar 2.4GHz,40:ED:00:17:E0:D8,-44, WPA2 ,0.000000,0.000000,0.000,0.000,AP
2024-11-27 21:04:04,1900-01-00 00:00:00,Struhar 2.4GHz,40:ED:00:17:E0:D8,-44, WPA2 ,0.000000,0.000000,0.000,0.000,AP
2024-11-27 21:04:04,1900-01-00 00:00:00,Struhar 2.4GHz,40:ED:00:17:E0:D8,-43, WPA2 ,0.000000,0.000000,0.000,0.000,AP
2024-11-27 21:04:04,1900-01-00 00:00:00,Struhar 2.4GHz,40:ED:00:17:E0:D8,-44, WPA2 ,0.000000,0.000000,0.000,0.000,AP
2024-11-27 21:04:04,1900-01-00 00:00:00,Struhar 2.4GHz,40:ED:00:17:E0:D8,-44, WPA2 ,0.000000,0.000000,0.000,0.000,AP
2024-11-27 21:04:04,1900-01-00 00:00:00,Struhar 2.4GHz,40:ED:00:17:E0:D8,-44, WPA2 ,0.000000,0.000000,0.000,0.000,AP
2024-11-27 21:04:05,1900-01-00 00:00:00,Struhar 2.4GHz,40:ED:00:17:E0:D8,-44, WPA2 ,0.000000,0.000000,0.000,0.000,AP
2024-11-27 21:04:05,1900-01-00 00:00:00,Struhar 2.4GHz,40:ED:00:17:E0:D8,-44, WPA2 ,0.000000,0.000000,0.000,0.000,AP
2024-11-27 21:04:05,1900-01-00 00:00:00,,34:E6:AD:BA:A0:54,-52,,0.000000,0.000000,0.000,0.000,Client
2024-11-27 21:04:05,1900-01-00 00:00:00,,34:E6:AD:BA:A0:54,-53,,0.000000,0.000000,0.000,0.000,Client
2024-11-27 21:04:05,1900-01-00 00:00:00,,34:E6:AD:BA:A0:54,-52,,0.000000,0.000000,0.000,0.000,Client
2024-11-27 21:04:05,1900-01-00 00:00:00,Struhar 2.4GHz,40:ED:00:17:E0:D8,-44, WPA2 ,0.000000,0.000000,0.000,0.000,AP
2024-11-27 21:04:05,1900-01-00 00:00:00,Struhar 2.4GHz,40:ED:00:17:E0:D8,-44, WPA2 ,0.000000,0.000000,0.000,0.000,AP
2024-11-27 21:04:05,1900-01-00 00:00:00,,02:26:02:03:25:E0,-31,,0.000000,0.000000,0.000,0.000,Client
2024-11-27 21:04:05,1900-01-00 00:00:00,Struhar 2.4GHz,40:ED:00:17:E0:D8,-44, WPA2 ,0.000000,0.000000,0.000,0.000,AP
2024-11-27 21:04:05,1900-01-00 00:00:00,,02:26:02:03:25:E0,-31,,0.000000,0.000000,0.000,0.000,Client
2024-11-27 21:04:05,1900-01-00 00:00:00,Struhar 2.4GHz,40:ED:00:17:E0:D8,-47, WPA2 ,0.000000,0.000000,0.000,0.000,AP
2024-11-27 21:04:05,1900-01-00 00:00:00,Struhar 2.4GHz,40:ED:00:17:E0:D8,-44, WPA2 ,0.000000,0.000000,0.000,0.000,AP
2024-11-27 21:04:05,1900-01-00 00:00:00,Struhar 2.4GHz,40:ED:00:17:E0:D8,-43, WPA2 ,0.000000,0.000000,0.000,0.000,AP
2024-11-27 21:04:05,1900-01-00 00:00:00,Struhar 2.4GHz,40:ED:00:17:E0:D8,-44, WPA2 ,0.000000,0.000000,0.000,0.000,AP
2024-11-27 21:04:05,1900-01-00 00:00:00,,02:26:02:03:25:E0,-32,,0.000000,0.000000,0.000,0.000,Client
2024-11-27 21:04:05,1900-01-00 00:00:00,Struhar 2.4GHz,40:ED:00:17:E0:D8,-46, WPA2 ,0.000000,0.000000,0.000,0.000,AP
2024-11-27 21:04:05,1900-01-00 00:00:00,,02:26:02:03:25:E0,-33,,0.000000,0.000000,0.000,0.000,Client
2024-11-27 21:04:05,1900-01-00 00:00:00,,02:26:02:03:25:E0,-33,,0.000000,0.000000,0.000,0.000,Client
2024-11-27 21:04:05,1900-01-00 00:00:00,,02:26:02:03:25:E0,-33,,0.000000,0.000000,0.000,0.000,Client
2024-11-27 21:04:05,1900-01-00 00:00:00,Struhar 2.4GHz,40:ED:00:17:E0:D8,-46, WPA2 ,0.000000,0.000000,0.000,0.000,AP
2024-11-27 21:04:05,1900-01-00 00:00:00,,02:26:02:03:25:E0,-33,,0.000000,0.000000,0.000,0.000,Client
2024-11-27 21:04:05,1900-01-00 00:00:00,,02:26:02:03:25:E0,-33,,0.000000,0.000000,0.000,0.000,Client
2024-11-27 21:04:05,1900-01-00 00:00:00,Struhar 2.4GHz,40:ED:00:17:E0:D8,-44, WPA2 ,0.000000,0.000000,0.000,0.000,AP
2024-11-27 21:04:05,1900-01-00 00:00:00,,02:26:02:03:25:E0,-30,,0.000000,0.000000,0.000,0.000,Client
2024-11-27 21:04:05,1900-01-00 00:00:00,,02:26:02:03:25:E0,-29,,0.000000,0.000000,0.000,0.000,Client
2024-11-27 21:04:05,1900-01-00 00:00:00,Struhar 2.4GHz,40:ED:00:17:E0:D8,-45, WPA2 ,0.000000,0.000000,0.000,0.000,AP
2024-11-27 21:04:05,1900-01-00 00:00:00,,02:26:02:03:25:E0,-29,,0.000000,0.000000,0.000,0.000,Client
2024-11-27 21:04:05,1900-01-00 00:00:00,Struhar 2.4GHz,40:ED:00:17:E0:D8,-45, WPA2 ,0.000000,0.000000,0.000,0.000,AP
2024-11-27 21:04:05,1900-01-00 00:00:00,,02:26:02:03:25:E0,-30,,0.000000,0.000000,0.000,0.000,Client
2024-11-27 21:04:05,1900-01-00 00:00:00,Struhar 2.4GHz,40:ED:00:17:E0:D8,-44, WPA2 ,0.000000,0.000000,0.000,0.000,AP
2024-11-27 21:04:05,1900-01-00 00:00:00,,02:26:02:03:25:E0,-32,,0.000000,0.000000,0.000,0.000,Client
2024-11-27 21:04:05,1900-01-00 00:00:00,,02:26:02:03:25:E0,-32,,0.000000,0.000000,0.000,0.000,Client
2024-11-27 21:04:05,1900-01-00 00:00:00,Struhar 2.4GHz,40:ED:00:17:E0:D8,-44, WPA2 ,0.000000,0.000000,0.000,0.000,AP
2024-11-27 21:04:05,1900-01-00 00:00:00,Struhar 2.4GHz,40:ED:00:17:E0:D8,-45, WPA2 ,0.000000,0.000000,0.000,0.000,AP
2024-11-27 21:04:05,1900-01-00 00:00:00,Struhar 2.4GHz,40:ED:00:17:E0:D8,-45, WPA2 ,0.000000,0.000000,0.000,0.000,AP
2024-11-27 21:04:05,1900-01-00 00:00:00,Struhar 2.4GHz,40:ED:00:17:E0:D8,-45, WPA2 ,0.000000,0.000000,0.000,0.000,AP
2024-11-27 21:04:05,1900-01-00 00:00:00,Struhar 2.4GHz,40:ED:00:17:E0:D8,-45, WPA2 ,0.000000,0.000000,0.000,0.000,AP
2024-11-27 21:04:05,1900-01-00 00:00:00,Struhar 2.4GHz,40:ED:00:17:E0:D8,-44, WPA2 ,0.000000,0.000000,0.000,0.000,AP
2024-11-27 21:04:05,1900-01-00 00:00:00,,02:26:02:03:25:E0,-32,,0.000000,0.000000,0.000,0.000,Client
2024-11-27 21:04:05,1900-01-00 00:00:00,Struhar 2.4GHz,40:ED:00:17:E0:D8,-44, WPA2 ,0.000000,0.000000,0.000,0.000,AP
2024-11-27 21:04:05,1900-01-00 00:00:00,,02:26:02:03:25:E0,-33,,0.000000,0.000000,0.000,0.000,Client
2024-11-27 21:04:05,1900-01-00 00:00:00,,02:26:02:03:25:E0,-32,,0.000000,0.000000,0.000,0.000,Client
2024-11-27 21:04:05,1900-01-00 00:00:00,,02:26:02:03:25:E0,-33,,0.000000,0.000000,0.000,0.000,Client
2024-11-27 21:04:05,1900-01-00 00:00:00,Struhar 2.4GHz,40:ED:00:17:E0:D8,-45, WPA2 ,0.000000,0.000000,0.000,0.000,AP
2024-11-27 21:04:05,1900-01-00 00:00:00,Struhar 2.4GHz,40:ED:00:17:E0:D8,-44, WPA2 ,0.000000,0.000000,0.000,0.000,AP
2024-11-27 21:04:05,1900-01-00 00:00:00,Struhar 2.4GHz,40:ED:00:17:E0:D8,-44, WPA2 ,0.000000,0.000000,0.000,0.000,AP
2024-11-27 21:04:05,1900-01-00 00:00:00,,02:26:02:03:25:E0,-32,,0.000000,0.000000,0.000,0.000,Client
2024-11-27 21:04:05,1900-01-00 00:00:00,Struhar 2.4GHz,40:ED:00:17:E0:D8,-45, WPA2 ,0.000000,0.000000,0.000,0.000,AP
2024-11-27 21:04:05,1900-01-00 00:00:00,,02:26:02:03:25:E0,-32,,0.000000,0.000000,0.000,0.000,Client
2024-11-27 21:04:05,1900-01-00 00:00:00,Struhar 2.4GHz,40:ED:00:17:E0:D8,-45, WPA2 ,0.000000,0.000000,0.000,0.000,AP
2024-11-27 21:04:05,1900-01-00 00:00:00,,02:26:02:03:25:E0,-32,,0.000000,0.000000,0.000,0.000,Client
2024-11-27 21:04:05,1900-01-00 00:00:00,Struhar 2.4GHz,40:ED:00:17:E0:D8,-45, WPA2 ,0.000000,0.000000,0.000,0.000,AP
2024-11-27 21:04:05,1900-01-00 00:00:00,,02:26:02:03:25:E0,-32,,0.000000,0.000000,0.000,0.000,Client
2024-11-27 21:04:05,1900-01-00 00:00:00,,02:26:02:03:25:E0,-31,,0.000000,0.000000,0.000,0.000,Client
2024-11-27 21:04:05,1900-01-00 00:00:00,Struhar 2.4GHz,40:ED:00:17:E0:D8,-45, WPA2 ,0.000000,0.000000,0.000,0.000,AP
2024-11-27 21:04:05,1900-01-00 00:00:00,Struhar 2.4GHz,40:ED:00:17:E0:D8,-46, WPA2 ,0.000000,0.000000,0.000,0.000,AP
2024-11-27 21:04:05,1900-01-00 00:00:00,,02:26:02:03:25:E0,-32,,0.000000,0.000000,0.000,0.000,Client
2024-11-27 21:04:05,1900-01-00 00:00:00,,02:26:02:03:25:E0,-31,,0.000000,0.000000,0.000,0.000,Client
2024-11-27 21:04:05,1900-01-00 00:00:00,Struhar 2.4GHz,40:ED:00:17:E0:D8,-46, WPA2 ,0.000000,0.000000,0.000,0.000,AP
2024-11-27 21:04:05,1900-01-00 00:00:00,,02:26:02:03:25:E0,-31,,0.000000,0.000000,0.000,0.000,Client
2024-11-27 21:04:05,1900-01-00 00:00:00,,02:26:02:03:25:E0,-31,,0.000000,0.000000,0.000,0.000,Client
2024-11-27 21:04:05,1900-01-00 00:00:00,Struhar 2.4GHz,40:ED:00:17:E0:D8,-45, WPA2 ,0.000000,0.000000,0.000,0.000,AP
2024-11-27 21:04:05,1900-01-00 00:00:00,Struhar 2.4GHz,40:ED:00:17:E0:D8,-46, WPA2 ,0.000000,0.000000,0.000,0.000,AP
2024-11-27 21:04:05,1900-01-00 00:00:00,,02:26:02:03:25:E0,-32,,0.000000,0.000000,0.000,0.000,Client
2024-11-27 21:04:05,1900-01-00 00:00:00,,02:26:02:03:25:E0,-31,,0.000000,0.000000,0.000,0.000,Client
2024-11-27 21:04:05,1900-01-00 00:00:00,,02:26:02:03:25:E0,-31,,0.000000,0.000000,0.000,0.000,Client
2024-11-27 21:04:05,1900-01-00 00:00:00,,02:26:02:03:25:E0,-33,,0.000000,0.000000,0.000,0.000,Client
2024-11-27 21:04:05,1900-01-00 00:00:00,,02:26:02:03:25:E0,-33,,0.000000,0.000000,0.000,0.000,Client
2024-11-27 21:04:05,1900-01-00 00:00:00,Struhar 2.4GHz,40:ED:00:17:E0:D8,-44, WPA2 ,0.000000,0.000000,0.000,0.000,AP
2024-11-27 21:04:05,1900-01-00 00:00:00,,02:26:02:03:25:E0,-32,,0.000000,0.000000,0.000,0.000,Client
2024-11-27 21:04:05,1900-01-00 00:00:00,Struhar 2.4GHz,40:ED:00:17:E0:D8,-44, WPA2 ,0.000000,0.000000,0.000,0.000,AP
2024-11-27 21:04:06,1900-01-00 00:00:00,,02:26:02:03:25:E0,-31,,0.000000,0.000000,0.000,0.000,Client
2024-11-27 21:04:06,1900-01-00 00:00:00,,02:26:02:03:25:E0,-31,,0.000000,0.000000,0.000,0.000,Client
2024-11-27 21:04:06,1900-01-00 00:00:00,,02:26:02:03:25:E0,-31,,0.000000,0.000000,0.000,0.000,Client
2024-11-27 21:04:06,1900-01-00 00:00:00,Struhar 2.4GHz,40:ED:00:17:E0:D8,-46, WPA2 ,0.000000,0.000000,0.000,0.000,AP
2024-11-27 21:04:06,1900-01-00 00:00:00,Struhar 2.4GHz,40:ED:00:17:E0:D8,-46, WPA2 ,0.000000,0.000000,0.000,0.000,AP
2024-11-27 21:04:06,1900-01-00 00:00:00,Struhar 2.4GHz,40:ED:00:17:E0:D8,-45, WPA2 ,0.000000,0.000000,0.000,0.000,AP
2024-11-27 21:04:06,1900-01-00 00:00:00,Struhar 2.4GHz,40:ED:00:17:E0:D8,-46, WPA2 ,0.000000,0.000000,0.000,0.000,AP
2024-11-27 21:04:06,1900-01-00 00:00:00,Struhar 2.4GHz,40:ED:00:17:E0:D8,-46, WPA2 ,0.000000,0.000000,0.000,0.000,AP
2024-11-27 21:04:06,1900-01-00 00:00:00,Struhar 2.4GHz,40:ED:00:17:E0:D8,-46, WPA2 ,0.000000,0.000000,0.000,0.000,AP
2024-11-27 21:04:06,1900-01-00 00:00:00,,02:26:02:03:25:E0,-31,,0.000000,0.000000,0.000,0.000,Client
2024-11-27 21:04:06,1900-01-00 00:00:00,,02:26:02:03:25:E0,-31,,0.000000,0.000000,0.000,0.000,Client
2024-11-27 21:04:06,1900-01-00 00:00:00,,02:26:02:03:25:E0,-31,,0.000000,0.000000,0.000,0.000,Client
2024-11-27 21:04:06,1900-01-00 00:00:00,,02:26:02:03:25:E0,-31,,0.000000,0.000000,0.000,0.000,Client
2024-11-27 21:04:06,1900-01-00 00:00:00,,02:26:02:03:25:E0,-33,,0.000000,0.000000,0.000,0.000,Client
2024-11-27 21:04:06,1900-01-00 00:00:00,,02:26:02:03:25:E0,-32,,0.000000,0.000000,0.000,0.000,Client
2024-11-27 21:04:06,1900-01-00 00:00:00,Struhar 2.4GHz,40:ED:00:17:E0:D8,-44, WPA2 ,0.000000,0.000000,0.000,0.000,AP
2024-11-27 21:04:06,1900-01-00 00:00:00,Struhar 2.4GHz,40:ED:00:17:E0:D8,-45, WPA2 ,0.000000,0.000000,0.000,0.000,AP
2024-11-27 21:04:06,1900-01-00 00:00:00,Struhar 2.4GHz,40:ED:00:17:E0:D8,-45, WPA2 ,0.000000,0.000000,0.000,0.000,AP
2024-11-27 21:04:06,1900-01-00 00:00:00,Struhar 2.4GHz,40:ED:00:17:E0:D8,-44, WPA2 ,0.000000,0.000000,0.000,0.000,AP
2024-11-27 21:04:06,1900-01-00 00:00:00,,02:26:02:03:25:E0,-32,,0.000000,0.000000,0.000,0.000,Client
2024-11-27 21:04:06,1900-01-00 00:00:00,Struhar 2.4GHz,40:ED:00:17:E0:D8,-44, WPA2 ,0.000000,0.000000,0.000,0.000,AP
2024-11-27 21:04:06,1900-01-00 00:00:00,Struhar 2.4GHz,40:ED:00:17:E0:D8,-44, WPA2 ,0.000000,0.000000,0.000,0.000,AP
2024-11-27 21:04:06,1900-01-00 00:00:00,Struhar 2.4GHz,40:ED:00:17:E0:D8,-46, WPA2 ,0.000000,0.000000,0.000,0.000,AP
2024-11-27 21:04:06,1900-01-00 00:00:00,Struhar 2.4GHz,40:ED:00:17:E0:D8,-45, WPA2 ,0.000000,0.000000,0.000,0.000,AP
2024-11-27 21:04:06,1900-01-00 00:00:00,,02:26:02:03:25:E0,-32,,0.000000,0.000000,0.000,0.000,Client
2024-11-27 21:04:06,1900-01-00 00:00:00,,02:26:02:03:25:E0,-31,,0.000000,0.000000,0.000,0.000,Client
2024-11-27 21:04:06,1900-01-00 00:00:00,Struhar 2.4GHz,40:ED:00:17:E0:D8,-44, WPA2 ,0.000000,0.000000,0.000,0.000,AP
2024-11-27 21:04:06,1900-01-00 00:00:00,,02:26:02:03:25:E0,-32,,0.000000,0.000000,0.000,0.000,Client
2024-11-27 21:04:06,1900-01-00 00:00:00,,02:26:02:03:25:E0,-32,,0.000000,0.000000,0.000,0.000,Client
2024-11-27 21:04:06,1900-01-00 00:00:00,,02:26:02:03:25:E0,-31,,0.000000,0.000000,0.000,0.000,Client
2024-11-27 21:04:06,1900-01-00 00:00:00,,02:26:02:03:25:E0,-31,,0.000000,0.000000,0.000,0.000,Client
2024-11-27 21:04:06,1900-01-00 00:00:00,,02:26:02:03:25:E0,-31,,0.000000,0.000000,0.000,0.000,Client
2024-11-27 21:04:06,1900-01-00 00:00:00,,02:26:02:03:25:E0,-31,,0.000000,0.000000,0.000,0.000,Client
2024-11-27 21:04:06,1900-01-00 00:00:00,,02:26:02:03:25:E0,-32,,0.000000,0.000000,0.000,0.000,Client
2024-11-27 21:04:06,1900-01-00 00:00:00,Struhar 2.4GHz,40:ED:00:17:E0:D8,-45, WPA2 ,0.000000,0.000000,0.000,0.000,AP
2024-11-27 21:04:06,1900-01-00 00:00:00,Struhar 2.4GHz,40:ED:00:17:E0:D8,-45, WPA2 ,0.000000,0.000000,0.000,0.000,AP
2024-11-27 21:04:06,1900-01-00 00:00:00,,02:26:02:03:25:E0,-32,,0.000000,0.000000,0.000,0.000,Client
2024-11-27 21:04:06,1900-01-00 00:00:00,,02:26:02:03:25:E0,-32,,0.000000,0.000000,0.000,0.000,Client
2024-11-27 21:04:06,1900-01-00 00:00:00,Struhar 2.4GHz,40:ED:00:17:E0:D8,-45, WPA2 ,0.000000,0.000000,0.000,0.000,AP
2024-11-27 21:04:06,1900-01-00 00:00:00,Struhar 2.4GHz,40:ED:00:17:E0:D8,-45, WPA2 ,0.000000,0.000000,0.000,0.000,AP
2024-11-27 21:04:06,1900-01-00 00:00:00,Struhar 2.4GHz,40:ED:00:17:E0:D8,-45, WPA2 ,0.000000,0.000000,0.000,0.000,AP
2024-11-27 21:04:06,1900-01-00 00:00:00,Struhar 2.4GHz,40:ED:00:17:E0:D8,-44, WPA2 ,0.000000,0.000000,0.000,0.000,AP
2024-11-27 21:04:06,1900-01-00 00:00:00,,02:26:02:03:25:E0,-32,,0.000000,0.000000,0.000,0.000,Client
2024-11-27 21:04:06,1900-01-00 00:00:00,,34:E6:AD:BA:A0:54,-53,,0.000000,0.000000,0.000,0.000,Client
2024-11-27 21:04:06,1900-01-00 00:00:00,Struhar 2.4GHz,40:ED:00:17:E0:D8,-45, WPA2 ,0.000000,0.000000,0.000,0.000,AP
2024-11-27 21:04:06,1900-01-00 00:00:00,,34:E6:AD:BA:A0:54,-53,,0.000000,0.000000,0.000,0.000,Client
2024-11-27 21:04:06,1900-01-00 00:00:00,,02:26:02:03:25:E0,-32,,0.000000,0.000000,0.000,0.000,Client
2024-11-27 21:04:06,1900-01-00 00:00:00,,02:26:02:03:25:E0,-33,,0.000000,0.000000,0.000,0.000,Client
2024-11-27 21:04:06,1900-01-00 00:00:00,,02:26:02:03:25:E0,-33,,0.000000,0.000000,0.000,0.000,Client
2024-11-27 21:04:06,1900-01-00 00:00:00,Struhar 2.4GHz,40:ED:00:17:E0:D8,-45, WPA2 ,0.000000,0.000000,0.000,0.000,AP
2024-11-27 21:04:06,1900-01-00 00:00:00,,02:26:02:03:25:E0,-33,,0.000000,0.000000,0.000,0.000,Client
2024-11-27 21:04:06,1900-01-00 00:00:00,,02:26:02:03:25:E0,-33,,0.000000,0.000000,0.000,0.000,Client
2024-11-27 21:04:06,1900-01-00 00:00:00,Struhar 2.4GHz,40:ED:00:17:E0:D8,-45, WPA2 ,0.000000,0.000000,0.000,0.000,AP
2024-11-27 21:04:06,1900-01-00 00:00:00,Struhar 2.4GHz,40:ED:00:17:E0:D8,-45, WPA2 ,0.000000,0.000000,0.000,0.000,AP
2024-11-27 21:04:06,1900-01-00 00:00:00,,02:26:02:03:25:E0,-32,,0.000000,0.000000,0.000,0.000,Client
2024-11-27 21:04:06,1900-01-00 00:00:00,,02:26:02:03:25:E0,-33,,0.000000,0.000000,0.000,0.000,Client
2024-11-27 21:04:06,1900-01-00 00:00:00,Struhar 2.4GHz,40:ED:00:17:E0:D8,-44, WPA2 ,0.000000,0.000000,0.000,0.000,AP
2024-11-27 21:04:06,1900-01-00 00:00:00,,02:26:02:03:25:E0,-31,,0.000000,0.000000,0.000,0.000,Client
2024-11-27 21:04:06,1900-01-00 00:00:00,,02:26:02:03:25:E0,-32,,0.000000,0.000000,0.000,0.000,Client
2024-11-27 21:04:06,1900-01-00 00:00:00,Struhar 2.4GHz,40:ED:00:17:E0:D8,-45, WPA2 ,0.000000,0.000000,0.000,0.000,AP
2024-11-27 21:04:06,1900-01-00 00:00:00,Struhar 2.4GHz,40:ED:00:17:E0:D8,-46, WPA2 ,0.000000,0.000000,0.000,0.000,AP
2024-11-27 21:04:06,1900-01-00 00:00:00,Struhar 2.4GHz,40:ED:00:17:E0:D8,-46, WPA2 ,0.000000,0.000000,0.000,0.000,AP
2024-11-27 21:04:06,1900-01-00 00:00:00,Struhar 2.4GHz,40:ED:00:17:E0:D8,-46, WPA2 ,0.000000,0.000000,0.000,0.000,AP
2024-11-27 21:04:06,1900-01-00 00:00:00,Struhar 2.4GHz,40:ED:00:17:E0:D8,-46, WPA2 ,0.000000,0.000000,0.000,0.000,AP
2024-11-27 21:04:06,1900-01-00 00:00:00,,02:26:02:03:25:E0,-32,,0.000000,0.000000,0.000,0.000,Client
2024-11-27 21:04:06,1900-01-00 00:00:00,,02:26:02:03:25:E0,-32,,0.000000,0.000000,0.000,0.000,Client
2024-11-27 21:04:06,1900-01-00 00:00:00,,02:26:02:03:25:E0,-32,,0.000000,0.000000,0.000,0.000,Client
2024-11-27 21:04:06,1900-01-00 00:00:00,,02:26:02:03:25:E0,-32,,0.000000,0.000000,0.000,0.000,Client
2024-11-27 21:04:06,1900-01-00 00:00:00,Struhar 2.4GHz,40:ED:00:17:E0:D8,-45, WPA2 ,0.000000,0.000000,0.000,0.000,AP
2024-11-27 21:04:06,1900-01-00 00:00:00,,02:26:02:03:25:E0,-34,,0.000000,0.000000,0.000,0.000,Client
2024-11-27 21:04:06,1900-01-00 00:00:00,,02:26:02:03:25:E0,-33,,0.000000,0.000000,0.000,0.000,Client
2024-11-27 21:04:06,1900-01-00 00:00:00,Struhar 2.4GHz,40:ED:00:17:E0:D8,-44, WPA2 ,0.000000,0.000000,0.000,0.000,AP
2024-11-27 21:04:06,1900-01-00 00:00:00,,02:26:02:03:25:E0,-33,,0.000000,0.000000,0.000,0.000,Client
2024-11-27 21:04:06,1900-01-00 00:00:00,,02:26:02:03:25:E0,-33,,0.000000,0.000000,0.000,0.000,Client
2024-11-27 21:04:06,1900-01-00 00:00:00,,02:26:02:03:25:E0,-33,,0.000000,0.000000,0.000,0.000,Client
2024-11-27 21:04:06,1900-01-00 00:00:00,Struhar 2.4GHz,40:ED:00:17:E0:D8,-46, WPA2 ,0.000000,0.000000,0.000,0.000,AP
2024-11-27 21:04:06,1900-01-00 00:00:00,Struhar 2.4GHz,40:ED:00:17:E0:D8,-46, WPA2 ,0.000000,0.000000,0.000,0.000,AP
2024-11-27 21:04:06,1900-01-00 00:00:00,Struhar 2.4GHz,40:ED:00:17:E0:D8,-46, WPA2 ,0.000000,0.000000,0.000,0.000,AP
2024-11-27 21:04:06,1900-01-00 00:00:00,,02:26:02:03:25:E0,-33,,0.000000,0.000000,0.000,0.000,Client
2024-11-27 21:04:06,1900-01-00 00:00:00,,02:26:02:03:25:E0,-33,,0.000000,0.000000,0.000,0.000,Client
2024-11-27 21:04:06,1900-01-00 00:00:00,Struhar 2.4GHz,40:ED:00:17:E0:D8,-46, WPA2 ,0.000000,0.000000,0.000,0.000,AP
2024-11-27 21:04:06,1900-01-00 00:00:00,Struhar 2.4GHz,40:ED:00:17:E0:D8,-46, WPA2 ,0.000000,0.000000,0.000,0.000,AP
2024-11-27 21:04:06,1900-01-00 00:00:00,Struhar 2.4GHz,40:ED:00:17:E0:D8,-46, WPA2 ,0.000000,0.000000,0.000,0.000,AP
2024-11-27 21:04:06,1900-01-00 00:00:00,,02:26:02:03:25:E0,-32,,0.000000,0.000000,0.000,0.000,Client
2024-11-27 21:04:06,1900-01-00 00:00:00,Struhar 2.4GHz,40:ED:00:17:E0:D8,-44, WPA2 ,0.000000,0.000000,0.000,0.000,AP
2024-11-27 21:04:06,1900-01-00 00:00:00,,34:E6:AD:BA:A0:54,-58,,0.000000,0.000000,0.000,0.000,Client
2024-11-27 21:04:06,1900-01-00 00:00:00,,02:26:02:03:25:E0,-32,,0.000000,0.000000,0.000,0.000,Client
2024-11-27 21:04:06,1900-01-00 00:00:00,,02:26:02:03:25:E0,-35,,0.000000,0.000000,0.000,0.000,Client
2024-11-27 21:04:06,1900-01-00 00:00:00,,02:26:02:03:25:E0,-35,,0.000000,0.000000,0.000,0.000,Client
2024-11-27 21:04:06,1900-01-00 00:00:00,,02:26:02:03:25:E0,-35,,0.000000,0.000000,0.000,0.000,Client
2024-11-27 21:04:06,1900-01-00 00:00:00,,02:26:02:03:25:E0,-35,,0.000000,0.000000,0.000,0.000,Client
2024-11-27 21:04:06,1900-01-00 00:00:00,,02:26:02:03:25:E0,-35,,0.000000,0.000000,0.000,0.000,Client
2024-11-27 21:04:06,1900-01-00 00:00:00,,02:26:02:03:25:E0,-35,,0.000000,0.000000,0.000,0.000,Client
2024-11-27 21:04:06,1900-01-00 00:00:00,,02:26:02:03:25:E0,-35,,0.000000,0.000000,0.000,0.000,Client
2024-11-27 21:04:06,1900-01-00 00:00:00,Struhar 2.4GHz,40:ED:00:17:E0:D8,-45, WPA2 ,0.000000,0.000000,0.000,0.000,AP
2024-11-27 21:04:06,1900-01-00 00:00:00,Struhar 2.4GHz,40:ED:00:17:E0:D8,-45, WPA2 ,0.000000,0.000000,0.000,0.000,AP
2024-11-27 21:04:06,1900-01-00 00:00:00,,02:26:02:03:25:E0,-34,,0.000000,0.000000,0.000,0.000,Client
2024-11-27 21:04:06,1900-01-00 00:00:00,Struhar 2.4GHz,40:ED:00:17:E0:D8,-44, WPA2 ,0.000000,0.000000,0.000,0.000,AP
2024-11-27 21:04:06,1900-01-00 00:00:00,Struhar 2.4GHz,40:ED:00:17:E0:D8,-46, WPA2 ,0.000000,0.000000,0.000,0.000,AP
2024-11-27 21:04:06,1900-01-00 00:00:00,Struhar 2.4GHz,40:ED:00:17:E0:D8,-46, WPA2 ,0.000000,0.000000,0.000,0.000,AP
2024-11-27 21:04:06,1900-01-00 00:00:00,Struhar 2.4GHz,40:ED:00:17:E0:D8,-45, WPA2 ,0.000000,0.000000,0.000,0.000,AP
2024-11-27 21:04:06,1900-01-00 00:00:00,Struhar 2.4GHz,40:ED:00:17:E0:D8,-45, WPA2 ,0.000000,0.000000,0.000,0.000,AP
2024-11-27 21:04:06,1900-01-00 00:00:00,,02:26:02:03:25:E0,-35,,0.000000,0.000000,0.000,0.000,Client
2024-11-27 21:04:06,1900-01-00 00:00:00,Struhar 2.4GHz,40:ED:00:17:E0:D8,-45, WPA2 ,0.000000,0.000000,0.000,0.000,AP
2024-11-27 21:04:06,1900-01-00 00:00:00,,02:26:02:03:25:E0,-34,,0.000000,0.000000,0.000,0.000,Client
2024-11-27 21:04:06,1900-01-00 00:00:00,,02:26:02:03:25:E0,-32,,0.000000,0.000000,0.000,0.000,Client
2024-11-27 21:04:06,1900-01-00 00:00:00,,02:26:02:03:25:E0,-32,,0.000000,0.000000,0.000,0.000,Client
2024-11-27 21:04:06,1900-01-00 00:00:00,,02:26:02:03:25:E0,-33,,0.000000,0.000000,0.000,0.000,Client
2024-11-27 21:04:06,1900-01-00 00:00:00,,02:26:02:03:25:E0,-33,,0.000000,0.000000,0.000,0.000,Client
2024-11-27 21:04:06,1900-01-00 00:00:00,Struhar 2.4GHz,40:ED:00:17:E0:D8,-45, WPA2 ,0.000000,0.000000,0.000,0.000,AP
2024-11-27 21:04:06,1900-01-00 00:00:00,Struhar 2.4GHz,40:ED:00:17:E0:D8,-45, WPA2 ,0.000000,0.000000,0.000,0.000,AP
2024-11-27 21:04:06,1900-01-00 00:00:00,Struhar 2.4GHz,40:ED:00:17:E0:D8,-45, WPA2 ,0.000000,0.000000,0.000,0.000,AP
2024-11-27 21:04:06,1900-01-00 00:00:00,Struhar 2.4GHz,40:ED:00:17:E0:D8,-45, WPA2 ,0.000000,0.000000,0.000,0.000,AP
2024-11-27 21:04:06,1900-01-00 00:00:00,Struhar 2.4GHz,40:ED:00:17:E0:D8,-45, WPA2 ,0.000000,0.000000,0.000,0.000,AP
2024-11-27 21:04:06,1900-01-00 00:00:00,,02:26:02:03:25:E0,-33,,0.000000,0.000000,0.000,0.000,Client
2024-11-27 21:04:06,1900-01-00 00:00:00,,02:26:02:03:25:E0,-35,,0.000000,0.000000,0.000,0.000,Client
2024-11-27 21:04:06,1900-01-00 00:00:00,,02:26:02:03:25:E0,-35,,0.000000,0.000000,0.000,0.000,Client
2024-11-27 21:04:06,1900-01-00 00:00:00,,02:26:02:03:25:E0,-35,,0.000000,0.000000,0.000,0.000,Client
2024-11-27 21:04:06,1900-01-00 00:00:00,,02:26:02:03:25:E0,-35,,0.000000,0.000000,0.000,0.000,Client
2024-11-27 21:04:06,1900-01-00 00:00:00,,02:26:02:03:25:E0,-35,,0.000000,0.000000,0.000,0.000,Client
2024-11-27 21:04:06,1900-01-00 00:00:00,Struhar 2.4GHz,40:ED:00:17:E0:D8,-46, WPA2 ,0.000000,0.000000,0.000,0.000,AP
2024-11-27 21:04:06,1900-01-00 00:00:00,Struhar 2.4GHz,40:ED:00:17:E0:D8,-45, WPA2 ,0.000000,0.000000,0.000,0.000,AP
2024-11-27 21:04:06,1900-01-00 00:00:00,,02:26:02:03:25:E0,-35,,0.000000,0.000000,0.000,0.000,Client
2024-11-27 21:04:06,1900-01-00 00:00:00,Struhar 2.4GHz,40:ED:00:17:E0:D8,-46, WPA2 ,0.000000,0.000000,0.000,0.000,AP
2024-11-27 21:04:06,1900-01-00 00:00:00,,02:26:02:03:25:E0,-35,,0.000000,0.000000,0.000,0.000,Client
2024-11-27 21:04:06,1900-01-00 00:00:00,,02:26:02:03:25:E0,-35,,0.000000,0.000000,0.000,0.000,Client
2024-11-27 21:04:06,1900-01-00 00:00:00,Struhar 2.4GHz,40:ED:00:17:E0:D8,-46, WPA2 ,0.000000,0.000000,0.000,0.000,AP
2024-11-27 21:04:06,1900-01-00 00:00:00,Struhar 2.4GHz,40:ED:00:17:E0:D8,-45, WPA2 ,0.000000,0.000000,0.000,0.000,AP
2024-11-27 21:04:06,1900-01-00 00:00:00,,02:26:02:03:25:E0,-35,,0.000000,0.000000,0.000,0.000,Client
2024-11-27 21:04:06,1900-01-00 00:00:00,,02:26:02:03:25:E0,-35,,0.000000,0.000000,0.000,0.000,Client
2024-11-27 21:04:06,1900-01-00 00:00:00,Struhar 2.4GHz,40:ED:00:17:E0:D8,-46, WPA2 ,0.000000,0.000000,0.000,0.000,AP
2024-11-27 21:04:06,1900-01-00 00:00:00,Struhar 2.4GHz,40:ED:00:17:E0:D8,-44, WPA2 ,0.000000,0.000000,0.000,0.000,AP
2024-11-27 21:04:06,1900-01-00 00:00:00,,02:26:02:03:25:E0,-35,,0.000000,0.000000,0.000,0.000,Client
2024-11-27 21:04:06,1900-01-00 00:00:00,Struhar 2.4GHz,40:ED:00:17:E0:D8,-46, WPA2 ,0.000000,0.000000,0.000,0.000,AP
2024-11-27 21:04:06,1900-01-00 00:00:00,,02:26:02:03:25:E0,-34,,0.000000,0.000000,0.000,0.000,Client
2024-11-27 21:04:06,1900-01-00 00:00:00,,02:26:02:03:25:E0,-35,,0.000000,0.000000,0.000,0.000,Client
2024-11-27 21:04:06,1900-01-00 00:00:00,,02:26:02:03:25:E0,-34,,0.000000,0.000000,0.000,0.000,Client
2024-11-27 21:04:06,1900-01-00 00:00:00,Struhar 2.4GHz,40:ED:00:17:E0:D8,-44, WPA2 ,0.000000,0.000000,0.000,0.000,AP
2024-11-27 21:04:06,1900-01-00 00:00:00,,02:26:02:03:25:E0,-33,,0.000000,0.000000,0.000,0.000,Client
2024-11-27 21:04:06,1900-01-00 00:00:00,,02:26:02:03:25:E0,-34,,0.000000,0.000000,0.000,0.000,Client
2024-11-27 21:04:06,1900-01-00 00:00:00,Struhar 2.4GHz,40:ED:00:17:E0:D8,-46, WPA2 ,0.000000,0.000000,0.000,0.000,AP
2024-11-27 21:04:06,1900-01-00 00:00:00,Struhar 2.4GHz,40:ED:00:17:E0:D8,-46, WPA2 ,0.000000,0.000000,0.000,0.000,AP
2024-11-27 21:04:06,1900-01-00 00:00:00,Struhar 2.4GHz,40:ED:00:17:E0:D8,-46, WPA2 ,0.000000,0.000000,0.000,0.000,AP
2024-11-27 21:04:06,1900-01-00 00:00:00,Struhar 2.4GHz,40:ED:00:17:E0:D8,-46, WPA2 ,0.000000,0.000000,0.000,0.000,AP
2024-11-27 21:04:06,1900-01-00 00:00:00,Struhar 2.4GHz,40:ED:00:17:E0:D8,-46, WPA2 ,0.000000,0.000000,0.000,0.000,AP
2024-11-27 21:04:06,1900-01-00 00:00:00,,02:26:02:03:25:E0,-34,,0.000000,0.000000,0.000,0.000,Client
2024-11-27 21:04:06,1900-01-00 00:00:00,,02:26:02:03:25:E0,-34,,0.000000,0.000000,0.000,0.000,Client
2024-11-27 21:04:06,1900-01-00 00:00:00,,02:26:02:03:25:E0,-34,,0.000000,0.000000,0.000,0.000,Client
2024-11-27 21:04:06,1900-01-00 00:00:00,,02:26:02:03:25:E0,-34,,0.000000,0.000000,0.000,0.000,Client
2024-11-27 21:04:06,1900-01-00 00:00:00,,02:26:02:03:25:E0,-35,,0.000000,0.000000,0.000,0.000,Client
2024-11-27 21:04:06,1900-01-00 00:00:00,,02:26:02:03:25:E0,-34,,0.000000,0.000000,0.000,0.000,Client
2024-11-27 21:04:06,1900-01-00 00:00:00,Struhar 2.4GHz,40:ED:00:17:E0:D8,-45, WPA2 ,0.000000,0.000000,0.000,0.000,AP
2024-11-27 21:04:06,1900-01-00 00:00:00,,02:26:02:03:25:E0,-34,,0.000000,0.000000,0.000,0.000,Client
2024-11-27 21:04:06,1900-01-00 00:00:00,Struhar 2.4GHz,40:ED:00:17:E0:D8,-46, WPA2 ,0.000000,0.000000,0.000,0.000,AP
2024-11-27 21:04:06,1900-01-00 00:00:00,,02:26:02:03:25:E0,-34,,0.000000,0.000000,0.000,0.000,Client
2024-11-27 21:04:06,1900-01-00 00:00:00,Struhar 2.4GHz,40:ED:00:17:E0:D8,-46, WPA2 ,0.000000,0.000000,0.000,0.000,AP
2024-11-27 21:04:06,1900-01-00 00:00:00,Struhar 2.4GHz,40:ED:00:17:E0:D8,-46, WPA2 ,0.000000,0.000000,0.000,0.000,AP
2024-11-27 21:04:06,1900-01-00 00:00:00,Struhar 2.4GHz,40:ED:00:17:E0:D8,-46, WPA2 ,0.000000,0.000000,0.000,0.000,AP
2024-11-27 21:04:06,1900-01-00 00:00:00,,02:26:02:03:25:E0,-33,,0.000000,0.000000,0.000,0.000,Client
2024-11-27 21:04:06,1900-01-00 00:00:00,Struhar 2.4GHz,40:ED:00:17:E0:D8,-46, WPA2 ,0.000000,0.000000,0.000,0.000,AP
2024-11-27 21:04:06,1900-01-00 00:00:00,,02:26:02:03:25:E0,-33,,0.000000,0.000000,0.000,0.000,Client
2024-11-27 21:04:06,1900-01-00 00:00:00,Struhar 2.4GHz,40:ED:00:17:E0:D8,-44, WPA2 ,0.000000,0.000000,0.000,0.000,AP
2024-11-27 21:04:06,1900-01-00 00:00:00,,02:26:02:03:25:E0,-32,,0.000000,0.000000,0.000,0.000,Client
2024-11-27 21:04:06,1900-01-00 00:00:00,,02:26:02:03:25:E0,-32,,0.000000,0.000000,0.000,0.000,Client
2024-11-27 21:04:06,1900-01-00 00:00:00,Struhar 2.4GHz,40:ED:00:17:E0:D8,-46, WPA2 ,0.000000,0.000000,0.000,0.000,AP
2024-11-27 21:04:06,1900-01-00 00:00:00,Struhar 2.4GHz,40:ED:00:17:E0:D8,-46, WPA2 ,0.000000,0.000000,0.000,0.000,AP
2024-11-27 21:04:06,1900-01-00 00:00:00,Struhar 2.4GHz,40:ED:00:17:E0:D8,-46, WPA2 ,0.000000,0.000000,0.000,0.000,AP
2024-11-27 21:04:06,1900-01-00 00:00:00,Struhar 2.4GHz,40:ED:00:17:E0:D8,-46, WPA2 ,0.000000,0.000000,0.000,0.000,AP
2024-11-27 21:04:06,1900-01-00 00:00:00,Struhar 2.4GHz,40:ED:00:17:E0:D8,-46, WPA2 ,0.000000,0.000000,0.000,0.000,AP
2024-11-27 21:04:06,1900-01-00 00:00:00,Struhar 2.4GHz,40:ED:00:17:E0:D8,-46, WPA2 ,0.000000,0.000000,0.000,0.000,AP
2024-11-27 21:04:06,1900-01-00 00:00:00,Struhar 2.4GHz,40:ED:00:17:E0:D8,-46, WPA2 ,0.000000,0.000000,0.000,0.000,AP
2024-11-27 21:04:06,1900-01-00 00:00:00,Struhar 2.4GHz,40:ED:00:17:E0:D8,-45, WPA2 ,0.000000,0.000000,0.000,0.000,AP
2024-11-27 21:04:06,1900-01-00 00:00:00,Struhar 2.4GHz,40:ED:00:17:E0:D8,-45, WPA2 ,0.000000,0.000000,0.000,0.000,AP
2024-11-27 21:04:06,1900-01-00 00:00:00,Struhar 2.4GHz,40:ED:00:17:E0:D8,-45, WPA2 ,0.000000,0.000000,0.000,0.000,AP
2024-11-27 21:04:06,1900-01-00 00:00:00,Struhar 2.4GHz,40:ED:00:17:E0:D8,-46, WPA2 ,0.000000,0.000000,0.000,0.000,AP
2024-11-27 21:04:06,1900-01-00 00:00:00,,02:26:02:03:25:E0,-32,,0.000000,0.000000,0.000,0.000,Client
2024-11-27 21:04:06,1900-01-00 00:00:00,,02:26:02:03:25:E0,-32,,0.000000,0.000000,0.000,0.000,Client
2024-11-27 21:04:06,1900-01-00 00:00:00,,02:26:02:03:25:E0,-32,,0.000000,0.000000,0.000,0.000,Client
2024-11-27 21:04:06,1900-01-00 00:00:00,,02:26:02:03:25:E0,-32,,0.000000,0.000000,0.000,0.000,Client
2024-11-27 21:04:06,1900-01-00 00:00:00,,02:26:02:03:25:E0,-32,,0.000000,0.000000,0.000,0.000,Client
2024-11-27 21:04:06,1900-01-00 00:00:00,,02:26:02:03:25:E0,-32,,0.000000,0.000000,0.000,0.000,Client
2024-11-27 21:04:06,1900-01-00 00:00:00,,02:26:02:03:25:E0,-32,,0.000000,0.000000,0.000,0.000,Client
2024-11-27 21:04:06,1900-01-00 00:00:00,,02:26:02:03:25:E0,-33,,0.000000,0.000000,0.000,0.000,Client
2024-11-27 21:04:06,1900-01-00 00:00:00,Struhar 2.4GHz,40:ED:00:17:E0:D8,-45, WPA2 ,0.000000,0.000000,0.000,0.000,AP
2024-11-27 21:04:06,1900-01-00 00:00:00,Struhar 2.4GHz,40:ED:00:17:E0:D8,-45, WPA2 ,0.000000,0.000000,0.000,0.000,AP
2024-11-27 21:04:06,1900-01-00 00:00:00,,02:26:02:03:25:E0,-32,,0.000000,0.000000,0.000,0.000,Client
2024-11-27 21:04:06,1900-01-00 00:00:00,,02:26:02:03:25:E0,-32,,0.000000,0.000000,0.000,0.000,Client
2024-11-27 21:04:06,1900-01-00 00:00:00,Struhar 2.4GHz,40:ED:00:17:E0:D8,-45, WPA2 ,0.000000,0.000000,0.000,0.000,AP
2024-11-27 21:04:06,1900-01-00 00:00:00,,02:26:02:03:25:E0,-33,,0.000000,0.000000,0.000,0.000,Client
2024-11-27 21:04:06,1900-01-00 00:00:00,,02:26:02:03:25:E0,-33,,0.000000,0.000000,0.000,0.000,Client
2024-11-27 21:04:06,1900-01-00 00:00:00,Struhar 2.4GHz,40:ED:00:17:E0:D8,-45, WPA2 ,0.000000,0.000000,0.000,0.000,AP
2024-11-27 21:04:06,1900-01-00 00:00:00,Struhar 2.4GHz,40:ED:00:17:E0:D8,-45, WPA2 ,0.000000,0.000000,0.000,0.000,AP
2024-11-27 21:04:06,1900-01-00 00:00:00,,02:26:02:03:25:E0,-33,,0.000000,0.000000,0.000,0.000,Client
2024-11-27 21:04:06,1900-01-00 00:00:00,,02:26:02:03:25:E0,-33,,0.000000,0.000000,0.000,0.000,Client
2024-11-27 21:04:06,1900-01-00 00:00:00,,02:26:02:03:25:E0,-32,,0.000000,0.000000,0.000,0.000,Client
2024-11-27 21:04:06,1900-01-00 00:00:00,Struhar 2.4GHz,40:ED:00:17:E0:D8,-46, WPA2 ,0.000000,0.000000,0.000,0.000,AP
2024-11-27 21:04:06,1900-01-00 00:00:00,Struhar 2.4GHz,40:ED:00:17:E0:D8,-46, WPA2 ,0.000000,0.000000,0.000,0.000,AP
2024-11-27 21:04:06,1900-01-00 00:00:00,Struhar 2.4GHz,40:ED:00:17:E0:D8,-46, WPA2 ,0.000000,0.000000,0.000,0.000,AP
2024-11-27 21:04:06,1900-01-00 00:00:00,Struhar 2.4GHz,40:ED:00:17:E0:D8,-46, WPA2 ,0.000000,0.000000,0.000,0.000,AP
2024-11-27 21:04:06,1900-01-00 00:00:00,Struhar 2.4GHz,40:ED:00:17:E0:D8,-46, WPA2 ,0.000000,0.000000,0.000,0.000,AP
2024-11-27 21:04:06,1900-01-00 00:00:00,Struhar 2.4GHz,40:ED:00:17:E0:D8,-46, WPA2 ,0.000000,0.000000,0.000,0.000,AP
2024-11-27 21:04:06,1900-01-00 00:00:00,,02:26:02:03:25:E0,-31,,0.000000,0.000000,0.000,0.000,Client
2024-11-27 21:04:06,1900-01-00 00:00:00,,02:26:02:03:25:E0,-31,,0.000000,0.000000,0.000,0.000,Client
2024-11-27 21:04:06,1900-01-00 00:00:00,,02:26:02:03:25:E0,-32,,0.000000,0.000000,0.000,0.000,Client
2024-11-27 21:04:06,1900-01-00 00:00:00,,02:26:02:03:25:E0,-32,,0.000000,0.000000,0.000,0.000,Client
2024-11-27 21:04:06,1900-01-00 00:00:00,,02:26:02:03:25:E0,-32,,0.000000,0.000000,0.000,0.000,Client
2024-11-27 21:04:06,1900-01-00 00:00:00,,02:26:02:03:25:E0,-32,,0.000000,0.000000,0.000,0.000,Client
2024-11-27 21:04:06,1900-01-00 00:00:00,,02:26:02:03:25:E0,-32,,0.000000,0.000000,0.000,0.000,Client
2024-11-27 21:04:06,1900-01-00 00:00:00,,02:26:02:03:25:E0,-32,,0.000000,0.000000,0.000,0.000,Client
2024-11-27 21:04:06,1900-01-00 00:00:00,Struhar 2.4GHz,40:ED:00:17:E0:D8,-44, WPA2 ,0.000000,0.000000,0.000,0.000,AP
2024-11-27 21:04:06,1900-01-00 00:00:00,Struhar 2.4GHz,40:ED:00:17:E0:D8,-46, WPA2 ,0.000000,0.000000,0.000,0.000,AP
2024-11-27 21:04:06,1900-01-00 00:00:00,,02:26:02:03:25:E0,-33,,0.000000,0.000000,0.000,0.000,Client
2024-11-27 21:04:06,1900-01-00 00:00:00,,02:26:02:03:25:E0,-33,,0.000000,0.000000,0.000,0.000,Client
2024-11-27 21:04:06,1900-01-00 00:00:00,Struhar 2.4GHz,40:ED:00:17:E0:D8,-44, WPA2 ,0.000000,0.000000,0.000,0.000,AP
2024-11-27 21:04:06,1900-01-00 00:00:00,,02:26:02:03:25:E0,-33,,0.000000,0.000000,0.000,0.000,Client
2024-11-27 21:04:07,1900-01-00 00:00:00,Struhar 2.4GHz,40:ED:00:17:E0:D8,-44, WPA2 ,0.000000,0.000000,0.000,0.000,AP
2024-11-27 21:04:07,1900-01-00 00:00:00,,02:26:02:03:25:E0,-33,,0.000000,0.000000,0.000,0.000,Client
2024-11-27 21:04:07,1900-01-00 00:00:00,,02:26:02:03:25:E0,-34,,0.000000,0.000000,0.000,0.000,Client
2024-11-27 21:04:07,1900-01-00 00:00:00,,02:26:02:03:25:E0,-31,,0.000000,0.000000,0.000,0.000,Client
2024-11-27 21:04:07,1900-01-00 00:00:00,Struhar 2.4GHz,40:ED:00:17:E0:D8,-45, WPA2 ,0.000000,0.000000,0.000,0.000,AP
2024-11-27 21:04:07,1900-01-00 00:00:00,Struhar 2.4GHz,40:ED:00:17:E0:D8,-46, WPA2 ,0.000000,0.000000,0.000,0.000,AP
2024-11-27 21:04:07,1900-01-00 00:00:00,,02:26:02:03:25:E0,-32,,0.000000,0.000000,0.000,0.000,Client
2024-11-27 21:04:07,1900-01-00 00:00:00,Struhar 2.4GHz,40:ED:00:17:E0:D8,-45, WPA2 ,0.000000,0.000000,0.000,0.000,AP
2024-11-27 21:04:07,1900-01-00 00:00:00,,34:E6:AD:BA:A0:54,-58,,0.000000,0.000000,0.000,0.000,Client
2024-11-27 21:04:07,1900-01-00 00:00:00,Struhar 2.4GHz,40:ED:00:17:E0:D8,-46, WPA2 ,0.000000,0.000000,0.000,0.000,AP
2024-11-27 21:04:07,1900-01-00 00:00:00,,02:26:02:03:25:E0,-32,,0.000000,0.000000,0.000,0.000,Client
2024-11-27 21:04:07,1900-01-00 00:00:00,,02:26:02:03:25:E0,-31,,0.000000,0.000000,0.000,0.000,Client
2024-11-27 21:04:07,1900-01-00 00:00:00,Struhar 2.4GHz,40:ED:00:17:E0:D8,-46, WPA2 ,0.000000,0.000000,0.000,0.000,AP
2024-11-27 21:04:07,1900-01-00 00:00:00,,02:26:02:03:25:E0,-33,,0.000000,0.000000,0.000,0.000,Client
2024-11-27 21:04:07,1900-01-00 00:00:00,Struhar 2.4GHz,40:ED:00:17:E0:D8,-45, WPA2 ,0.000000,0.000000,0.000,0.000,AP
2024-11-27 21:04:07,1900-01-00 00:00:00,,02:26:02:03:25:E0,-32,,0.000000,0.000000,0.000,0.000,Client
2024-11-27 21:04:07,1900-01-00 00:00:00,,02:26:02:03:25:E0,-31,,0.000000,0.000000,0.000,0.000,Client
2024-11-27 21:04:07,1900-01-00 00:00:00,Struhar 2.4GHz,40:ED:00:17:E0:D8,-45, WPA2 ,0.000000,0.000000,0.000,0.000,AP
2024-11-27 21:04:07,1900-01-00 00:00:00,,02:26:02:03:25:E0,-31,,0.000000,0.000000,0.000,0.000,Client
2024-11-27 21:04:07,1900-01-00 00:00:00,,02:26:02:03:25:E0,-32,,0.000000,0.000000,0.000,0.000,Client
2024-11-27 21:04:07,1900-01-00 00:00:00,Struhar 2.4GHz,40:ED:00:17:E0:D8,-47, WPA2 ,0.000000,0.000000,0.000,0.000,AP
2024-11-27 21:04:07,1900-01-00 00:00:00,Struhar 2.4GHz,40:ED:00:17:E0:D8,-45, WPA2 ,0.000000,0.000000,0.000,0.000,AP
2024-11-27 21:04:07,1900-01-00 00:00:00,,02:26:02:03:25:E0,-32,,0.000000,0.000000,0.000,0.000,Client
2024-11-27 21:04:07,1900-01-00 00:00:00,,02:26:02:03:25:E0,-34,,0.000000,0.000000,0.000,0.000,Client
2024-11-27 21:04:07,1900-01-00 00:00:00,,02:26:02:03:25:E0,-32,,0.000000,0.000000,0.000,0.000,Client
2024-11-27 21:04:07,1900-01-00 00:00:00,Struhar 2.4GHz,40:ED:00:17:E0:D8,-46, WPA2 ,0.000000,0.000000,0.000,0.000,AP
2024-11-27 21:04:07,1900-01-00 00:00:00,,02:26:02:03:25:E0,-31,,0.000000,0.000000,0.000,0.000,Client
2024-11-27 21:04:07,1900-01-00 00:00:00,Struhar 2.4GHz,40:ED:00:17:E0:D8,-47, WPA2 ,0.000000,0.000000,0.000,0.000,AP
2024-11-27 21:04:07,1900-01-00 00:00:00,Struhar 2.4GHz,40:ED:00:17:E0:D8,-46, WPA2 ,0.000000,0.000000,0.000,0.000,AP
2024-11-27 21:04:07,1900-01-00 00:00:00,Struhar 2.4GHz,40:ED:00:17:E0:D8,-46, WPA2 ,0.000000,0.000000,0.000,0.000,AP
2024-11-27 21:04:07,1900-01-00 00:00:00,,02:26:02:03:25:E0,-31,,0.000000,0.000000,0.000,0.000,Client
2024-11-27 21:04:07,1900-01-00 00:00:00,Struhar 2.4GHz,40:ED:00:17:E0:D8,-45, WPA2 ,0.000000,0.000000,0.000,0.000,AP
2024-11-27 21:04:07,1900-01-00 00:00:00,,02:26:02:03:25:E0,-34,,0.000000,0.000000,0.000,0.000,Client
2024-11-27 21:04:07,1900-01-00 00:00:00,,02:26:02:03:25:E0,-35,,0.000000,0.000000,0.000,0.000,Client
2024-11-27 21:04:07,1900-01-00 00:00:00,Struhar 2.4GHz,40:ED:00:17:E0:D8,-46, WPA2 ,0.000000,0.000000,0.000,0.000,AP
2024-11-27 21:04:07,1900-01-00 00:00:00,,02:26:02:03:25:E0,-36,,0.000000,0.000000,0.000,0.000,Client
2024-11-27 21:04:07,1900-01-00 00:00:00,,02:26:02:03:25:E0,-36,,0.000000,0.000000,0.000,0.000,Client
2024-11-27 21:04:07,1900-01-00 00:00:00,,02:26:02:03:25:E0,-33,,0.000000,0.000000,0.000,0.000,Client
2024-11-27 21:04:07,1900-01-00 00:00:00,,02:26:02:03:25:E0,-33,,0.000000,0.000000,0.000,0.000,Client
2024-11-27 21:04:07,1900-01-00 00:00:00,Struhar 2.4GHz,40:ED:00:17:E0:D8,-47, WPA2 ,0.000000,0.000000,0.000,0.000,AP
2024-11-27 21:04:07,1900-01-00 00:00:00,Struhar 2.4GHz,40:ED:00:17:E0:D8,-47, WPA2 ,0.000000,0.000000,0.000,0.00